8.096900009026395395e+00
1.398629835594442028e+01
5.938555968349024106e+00
4.878394624674863067e+00
9.416914236192898358e+00
1.618574112388694974e+00
2.078657009067041983e+00
2.608241275667662507e+00
2.481166935347186797e+00
2.311769387157330158e+00
3.119509200577058827e+00
2.861105609394871685e+00
2.761427962779658074e+00
2.712181052790382907e+00
3.293066527421812495e+00
1.398629835594442028e+01
2.584927363613700457e+00
2.584927363613700457e+00
2.269132929873628690e+00
2.555275348951976166e+00
4.065856891298627929e+00
5.082138707842611680e+00
3.337360685384656023e+00
2.368673079661606895e+00
4.168228764679975384e+00
4.115858574785381307e+00
2.751259591213044420e+00
6.136517930958749645e+00
2.230184455565479951e+00
5.453294890550574259e+00
3.632971226107808871e+00
6.897911705949119288e+00
1.716870652467030522e+00
1.634723259447198096e+00
2.438896058458208671e+00
1.435613630069866087e+00
2.649339640162833298e+00
1.398629835594442028e+01
1.204265979350357618e+00
1.160877874506294205e+00
1.701863519773771483e+00
3.293066527421812495e+00
8.678034072570810054e+00
2.257085722832981478e+00
5.938555968349024106e+00
6.136517930958749645e+00
4.473116886549839855e+00
1.398629835594442028e+01
1.398629835594442028e+01
1.359830320794278347e+00
2.923820937566300238e+00
3.230853584175824800e+00
1.179232354874052646e+01
4.620389377369722439e+00
3.154863010022843639e+00
2.302919592689344874e+00
3.037823084271166429e+00
2.731409685221252381e+00
1.749808874729679831e+00
1.039908330077200382e+01
7.231669299910323367e+00
7.624787803043177270e+00
1.179232354874052646e+01
1.398629835594442028e+01
2.555275348951976166e+00
2.474913666413131708e+00
3.102434947113386521e+00
1.398629835594442028e+01
1.853915436416645690e+00
2.063518995909134013e+00
2.032674798815480521e+00
6.897911705949119288e+00
1.398629835594442028e+01
7.624787803043177270e+00
1.179232354874052646e+01
6.897911705949119288e+00
4.405553507134619906e+00
6.136517930958749645e+00
4.223157861610916441e+00
1.039908330077200382e+01
6.897911705949119288e+00
1.076157844481158143e+00
7.231669299910323367e+00
2.384017838084120822e+00
1.135372274428560813e+00
1.877448210748784874e+00
1.179232354874052646e+01
8.678034072570810054e+00
1.398629835594442028e+01
5.760690488794116604e+00
5.938555968349024106e+00
4.168228764679975384e+00
1.327475627145037196e+00
1.287732934666409701e+00
4.544599325704925974e+00
5.195979376524188176e+00
4.878394624674863067e+00
1.179232354874052646e+01
1.179232354874052646e+01
1.179232354874052646e+01
5.938555968349024106e+00
3.119509200577058827e+00
3.102434947113386521e+00
3.807062732691569362e+00
1.398629835594442028e+01
1.398629835594442028e+01
2.307323386490875983e+00
2.125080370540599173e+00
1.398629835594442028e+01
2.950626275468136495e+00
2.569904094831461983e+00
3.665350790092954725e+00
2.191010190989294504e+00
1.398629835594442028e+01
5.599771011072511406e+00
4.405553507134619906e+00
1.883255678433888081e+00
1.308713820514926018e+00
1.196537994245421288e+00
1.173057136565531566e+00
1.651497509405063013e+00
1.254319610322827572e+00
1.893684643924745448e+00
2.792960737629894830e+00
3.173174188550006658e+00
4.878394624674863067e+00
1.661013018447326406e+00
8.096900009026395395e+00
1.516120647001464317e+00
1.608089221659030565e+00
7.231669299910323367e+00
1.955215946973757557e+00
7.624787803043177270e+00
8.678034072570810054e+00
2.702789828280608209e+00
5.453294890550574259e+00
5.760690488794116604e+00
2.761427962779658074e+00
2.066000430033257285e+00
1.689890758979994745e+00
6.897911705949119288e+00
3.360430623882499912e+00
9.416914236192898358e+00
2.028150016985720505e+00
1.179232354874052646e+01
4.544599325704925974e+00
2.632548248018265813e+00
4.786736248424851681e+00
3.360430623882499912e+00
3.293066527421812495e+00
1.553062965725112488e+00
1.398629835594442028e+01
2.712181052790382907e+00
2.116478940955882848e+00
1.398629835594442028e+01
1.575428758304390664e+00
3.632971226107808871e+00
5.760690488794116604e+00
3.191930765070057685e+00
5.599771011072511406e+00
8.096900009026395395e+00
2.616229867989665170e+00
6.897911705949119288e+00
4.115858574785381307e+00
8.096900009026395395e+00
8.096900009026395395e+00
1.398629835594442028e+01
1.039908330077200382e+01
8.096900009026395395e+00
7.624787803043177270e+00
1.806027593512753437e+00
1.833319914233652481e+00
1.973997266609169410e+00
3.337360685384656023e+00
5.599771011072511406e+00
1.616436402405001971e+00
2.444726932093984395e+00
5.082138707842611680e+00
6.897911705949119288e+00
3.733622054698024773e+00
2.616229867989665170e+00
1.398629835594442028e+01
9.416914236192898358e+00
1.398629835594442028e+01
1.398629835594442028e+01
1.398629835594442028e+01
1.740730028954500463e+00
3.360430623882499912e+00
1.520360311851925328e+00
1.609630049319805245e+00
1.814065578980001980e+00
2.910802040512921351e+00
7.231669299910323367e+00
3.337360685384656023e+00
5.082138707842611680e+00
2.023680666525167648e+00
5.319245908954468582e+00
4.700931397034700865e+00
1.039908330077200382e+01
1.179232354874052646e+01
1.398629835594442028e+01
2.230184455565479951e+00
4.115858574785381307e+00
1.940904973852332294e+00
5.453294890550574259e+00
8.096900009026395395e+00
2.481166935347186797e+00
4.786736248424851681e+00
2.741254929226880854e+00
1.711237167971968898e+00
2.712181052790382907e+00
1.039908330077200382e+01
1.292957504428987603e+00
2.014903856650893665e+00
1.562695968805292601e+00
6.358606592409067559e+00
4.700931397034700865e+00
2.226472467437354830e+00
1.782151438822749068e+00
2.992881877159055737e+00
1.481362043356227787e+00
2.174330866618579439e+00
1.398629835594442028e+01
2.600362969809127289e+00
1.372185231836883013e+00
1.907617228716547819e+00
2.837587178760800022e+00
2.249231109365875447e+00
2.076091829084566687e+00
2.014903856650893665e+00
1.490333266817236879e+00
1.332315513196676404e+00
5.599771011072511406e+00
3.972290858234542643e+00
4.341567762109392881e+00
1.942660841463103916e+00
6.610073730275682458e+00
4.473116886549839855e+00
6.610073730275682458e+00
1.179232354874052646e+01
1.616436402405001971e+00
2.184258738671068123e+00
4.115858574785381307e+00
1.398629835594442028e+01
2.493900867892873130e+00
4.786736248424851681e+00
1.467875413252829997e+00
2.008458732504395883e+00
3.337360685384656023e+00
2.992881877159055737e+00
2.992881877159055737e+00
1.179232354874052646e+01
4.700931397034700865e+00
5.195979376524188176e+00
8.096900009026395395e+00
1.179232354874052646e+01
1.179232354874052646e+01
1.179232354874052646e+01
5.938555968349024106e+00
7.231669299910323367e+00
1.179232354874052646e+01
2.487495501406502996e+00
4.115858574785381307e+00
2.152049286798052741e+00
1.681279911467575161e+00
9.416914236192898358e+00
1.398629835594442028e+01
2.923820937566300238e+00
1.039908330077200382e+01
2.910802040512921351e+00
8.096900009026395395e+00
1.039908330077200382e+01
1.450713143914612147e+00
1.445304632308114234e+00
2.073543766897996576e+00
7.231669299910323367e+00
2.910802040512921351e+00
2.666627031328418163e+00
4.341567762109392881e+00
4.700931397034700865e+00
1.778020996166731260e+00
3.154863010022843639e+00
2.608241275667662507e+00
5.319245908954468582e+00
1.398629835594442028e+01
9.416914236192898358e+00
3.408561838594738269e+00
1.398629835594442028e+01
3.928432270049376118e+00
1.682694023218441526e+00
3.085742730838076042e+00
8.678034072570810054e+00
1.985777661638769676e+00
2.657919838858120443e+00
1.398629835594442028e+01
2.861105609394871685e+00
2.125080370540599173e+00
3.571407438589082606e+00
8.678034072570810054e+00
3.459565571344153323e+00
2.086457170713803322e+00
1.179232354874052646e+01
1.398629835594442028e+01
2.527135357484368683e+00
7.231669299910323367e+00
1.503061260922392783e+00
8.096900009026395395e+00
7.231669299910323367e+00
1.398629835594442028e+01
8.678034072570810054e+00
9.416914236192898358e+00
4.786736248424851681e+00
1.631284699814636863e+00
5.453294890550574259e+00
3.384154002867322930e+00
4.473116886549839855e+00
3.542110502930233107e+00
7.231669299910323367e+00
3.632971226107808871e+00
3.601676278092701633e+00
9.416914236192898358e+00
7.231669299910323367e+00
8.678034072570810054e+00
2.339370301369074312e+00
7.231669299910323367e+00
4.786736248424851681e+00
4.544599325704925974e+00
1.179232354874052646e+01
1.960742786359270573e+00
3.769656614340512579e+00
1.782151438822749068e+00
4.620389377369722439e+00
2.771764498081669359e+00
2.197871251686610794e+00
1.522017273659597159e+00
6.358606592409067559e+00
4.976593774190632757e+00
1.398629835594442028e+01
2.693542336525760028e+00
7.231669299910323367e+00
1.179232354874052646e+01
3.698878228091092790e+00
1.311242438486631245e+00
6.610073730275682458e+00
6.897911705949119288e+00
3.293066527421812495e+00
1.373863731156675705e+00
5.453294890550574259e+00
5.453294890550574259e+00
5.938555968349024106e+00
4.168228764679975384e+00
1.179232354874052646e+01
2.675464339656973944e+00
1.179232354874052646e+01
2.348940432796867483e+00
1.398629835594442028e+01
3.601676278092701633e+00
1.398629835594442028e+01
2.513593443840427710e+00
2.211934144629770671e+00
3.007550279977043939e+00
1.475632231494289570e+00
1.541282503533738524e+00
4.223157861610916441e+00
7.624787803043177270e+00
2.474913666413131708e+00
1.947984362959267468e+00
1.398629835594442028e+01
3.845928459108548747e+00
4.065856891298627929e+00
2.334656460882007956e+00
8.096900009026395395e+00
2.257085722832981478e+00
8.096900009026395395e+00
6.610073730275682458e+00
8.678034072570810054e+00
1.253576907750287628e+00
2.731409685221252381e+00
8.678034072570810054e+00
1.071529683846859760e+00
2.353798308609992951e+00
2.208374860764457104e+00
3.513735171890392195e+00
4.223157861610916441e+00
2.885492545342460691e+00
9.416914236192898358e+00
3.632971226107808871e+00
4.473116886549839855e+00
5.760690488794116604e+00
3.486234698203102056e+00
5.453294890550574259e+00
6.358606592409067559e+00
4.976593774190632757e+00
1.240272694272422704e+00
3.251059244529220571e+00
6.136517930958749645e+00
1.488115239803875056e+00
7.624787803043177270e+00
8.096900009026395395e+00
6.136517930958749645e+00
2.468734231955952207e+00
1.105028267889017979e+00
1.398629835594442028e+01
3.119509200577058827e+00
4.620389377369722439e+00
2.562541477821151492e+00
2.684434993822597093e+00
1.755408955546548189e+00
5.760690488794116604e+00
4.544599325704925974e+00
3.733622054698024773e+00
1.398629835594442028e+01
2.624331309851516192e+00
6.358606592409067559e+00
3.972290858234542643e+00
1.696553887944157735e+00
1.915626806140034777e+00
8.678034072570810054e+00
1.398629835594442028e+01
3.486234698203102056e+00
4.700931397034700865e+00
1.270018068111159693e+00
1.535472780347278965e+00
3.007550279977043939e+00
8.678034072570810054e+00
1.039908330077200382e+01
5.760690488794116604e+00
1.398629835594442028e+01
8.678034072570810054e+00
3.408561838594738269e+00
2.427430610782826292e+00
6.610073730275682458e+00
5.082138707842611680e+00
2.555275348951976166e+00
2.577365326119689826e+00
6.358606592409067559e+00
3.007550279977043939e+00
3.293066527421812495e+00
4.786736248424851681e+00
1.874584555473808312e+00
4.341567762109392881e+00
2.657919838858120443e+00
1.178024475825933948e+00
1.271641725505875398e+00
8.096900009026395395e+00
3.665350790092954725e+00
3.085742730838076042e+00
9.416914236192898358e+00
2.110846595824648730e+00
5.453294890550574259e+00
5.082138707842611680e+00
2.712181052790382907e+00
4.878394624674863067e+00
2.520321910585981318e+00
1.179232354874052646e+01
4.473116886549839855e+00
6.610073730275682458e+00
3.571407438589082606e+00
1.039908330077200382e+01
3.053449648393774751e+00
2.992881877159055737e+00
6.136517930958749645e+00
3.360430623882499912e+00
1.975933119542045091e+00
1.214014471999935063e+00
1.396589859999361583e+00
1.214583080825086814e+00
1.179232354874052646e+01
2.487495501406502996e+00
6.610073730275682458e+00
8.096900009026395395e+00
3.433687235784068648e+00
1.179232354874052646e+01
1.039908330077200382e+01
2.456591210813403148e+00
1.843440562631710078e+00
5.319245908954468582e+00
5.453294890550574259e+00
5.195979376524188176e+00
1.305872619984511651e+00
1.789530803650847268e+00
1.794923486933961421e+00
6.610073730275682458e+00
2.861105609394871685e+00
7.231669299910323367e+00
2.616229867989665170e+00
2.358705811963931254e+00
7.231669299910323367e+00
1.981806378664382695e+00
3.007550279977043939e+00
7.624787803043177270e+00
1.877448210748784874e+00
3.384154002867322930e+00
3.433687235784068648e+00
1.915626806140034777e+00
1.398629835594442028e+01
8.096900009026395395e+00
7.231669299910323367e+00
1.530879690655366332e+00
5.319245908954468582e+00
1.179232354874052646e+01
4.700931397034700865e+00
3.337360685384656023e+00
2.063518995909134013e+00
2.712181052790382907e+00
5.195979376524188176e+00
2.632548248018265813e+00
4.976593774190632757e+00
1.995907295605942933e+00
7.624787803043177270e+00
2.311769387157330158e+00
7.231669299910323367e+00
3.384154002867322930e+00
4.405553507134619906e+00
1.039908330077200382e+01
7.231669299910323367e+00
2.233928279899840330e+00
3.845928459108548747e+00
3.632971226107808871e+00
2.506948227443301036e+00
6.358606592409067559e+00
6.358606592409067559e+00
5.195979376524188176e+00
4.544599325704925974e+00
2.649339640162833298e+00
3.886349915492472107e+00
5.760690488794116604e+00
6.897911705949119288e+00
5.599771011072511406e+00
5.599771011072511406e+00
6.610073730275682458e+00
9.416914236192898358e+00
1.039908330077200382e+01
4.786736248424851681e+00
6.136517930958749645e+00
4.280858269067012500e+00
1.853915436416645690e+00
4.405553507134619906e+00
1.534758859664047792e+00
5.195979376524188176e+00
1.833319914233652481e+00
1.640573338454888619e+00
2.410705434109829071e+00
4.405553507134619906e+00
1.221132318392088578e+00
8.678034072570810054e+00
2.937092949591392887e+00
2.534035564788753359e+00
1.951580795715425420e+00
3.769656614340512579e+00
1.511033910654110413e+00
7.624787803043177270e+00
2.640883416478467360e+00
1.039908330077200382e+01
2.837587178760800022e+00
9.416914236192898358e+00
4.976593774190632757e+00
4.065856891298627929e+00
3.293066527421812495e+00
5.453294890550574259e+00
3.928432270049376118e+00
3.542110502930233107e+00
4.976593774190632757e+00
3.601676278092701633e+00
1.179232354874052646e+01
4.065856891298627929e+00
2.693542336525760028e+00
1.398629835594442028e+01
1.719323785112858660e+00
1.398629835594442028e+01
3.211150847236301953e+00
1.439049848784287988e+00
3.007550279977043939e+00
1.179232354874052646e+01
2.555275348951976166e+00
3.542110502930233107e+00
1.770938348531385209e+00
5.453294890550574259e+00
1.398629835594442028e+01
3.698878228091092790e+00
5.938555968349024106e+00
1.039908330077200382e+01
1.652743961729453925e+00
6.610073730275682458e+00
1.179232354874052646e+01
1.039908330077200382e+01
9.416914236192898358e+00
1.398629835594442028e+01
1.398629835594442028e+01
2.600362969809127289e+00
1.398629835594442028e+01
2.978511558928810921e+00
3.230853584175824800e+00
1.179232354874052646e+01
2.487495501406502996e+00
2.873187242288851362e+00
6.358606592409067559e+00
9.416914236192898358e+00
1.539813439635981940e+00
5.082138707842611680e+00
8.096900009026395395e+00
3.632971226107808871e+00
9.416914236192898358e+00
6.897911705949119288e+00
6.358606592409067559e+00
7.231669299910323367e+00
1.179232354874052646e+01
1.640573338454888619e+00
6.358606592409067559e+00
1.211337870083034840e+00
1.405291113468688513e+00
9.416914236192898358e+00
2.992881877159055737e+00
6.358606592409067559e+00
1.179232354874052646e+01
1.189217830248006535e+00
1.096197866608659366e+00
1.265802047394049445e+00
7.231669299910323367e+00
8.096900009026395395e+00
8.096900009026395395e+00
1.179232354874052646e+01
1.179232354874052646e+01
1.398629835594442028e+01
5.453294890550574259e+00
1.210535085049123882e+00
8.096900009026395395e+00
1.371800893277636657e+00
2.826137951791407588e+00
2.814887509662116649e+00
1.179232354874052646e+01
2.320790702532501193e+00
5.938555968349024106e+00
2.363663782473638619e+00
1.179232354874052646e+01
7.231669299910323367e+00
1.039908330077200382e+01
4.544599325704925974e+00
4.341567762109392881e+00
4.544599325704925974e+00
4.405553507134619906e+00
1.923838832104473706e+00
4.115858574785381307e+00
9.416914236192898358e+00
4.620389377369722439e+00
1.398629835594442028e+01
2.950626275468136495e+00
4.405553507134619906e+00
9.416914236192898358e+00
1.796014529609013977e+00
1.519045363434145646e+00
1.803771820229231215e+00
2.253141073238071002e+00
1.402384509231521470e+00
1.793836648142190793e+00
4.405553507134619906e+00
8.678034072570810054e+00
9.416914236192898358e+00
3.486234698203102056e+00
6.610073730275682458e+00
4.168228764679975384e+00
1.131082800368480745e+00
2.094418413124658152e+00
6.897911705949119288e+00
5.195979376524188176e+00
5.195979376524188176e+00
1.726827555835738659e+00
1.398629835594442028e+01
1.519045363434145646e+00
2.885492545342460691e+00
2.751259591213044420e+00
1.398629835594442028e+01
6.136517930958749645e+00
6.610073730275682458e+00
7.231669299910323367e+00
3.769656614340512579e+00
3.972290858234542643e+00
1.169711274686989544e+00
2.277347448405974362e+00
8.678034072570810054e+00
1.515476995415422357e+00
4.168228764679975384e+00
2.500384580221138187e+00
3.069418688761713643e+00
7.231669299910323367e+00
8.678034072570810054e+00
1.179232354874052646e+01
1.039908330077200382e+01
2.751259591213044420e+00
2.155159499064206230e+00
1.039908330077200382e+01
2.937092949591392887e+00
6.610073730275682458e+00
4.280858269067012500e+00
8.678034072570810054e+00
1.942660841463103916e+00
1.964477792996857763e+00
2.051351544139579097e+00
3.845928459108548747e+00
3.928432270049376118e+00
8.678034072570810054e+00
2.624331309851516192e+00
1.309017238371936953e+00
1.743421078972118288e+00
2.751259591213044420e+00
1.846025285547213679e+00
8.096900009026395395e+00
6.136517930958749645e+00
5.195979376524188176e+00
1.398629835594442028e+01
3.007550279977043939e+00
2.373734583566903922e+00
6.358606592409067559e+00
6.897911705949119288e+00
1.179232354874052646e+01
1.039908330077200382e+01
2.751259591213044420e+00
1.398629835594442028e+01
2.119325454728119507e+00
1.064749246625492418e+00
2.624331309851516192e+00
4.341567762109392881e+00
4.223157861610916441e+00
3.571407438589082606e+00
7.231669299910323367e+00
2.520321910585981318e+00
1.398132742801213357e+00
9.416914236192898358e+00
6.610073730275682458e+00
8.096900009026395395e+00
5.938555968349024106e+00
3.845928459108548747e+00
2.873187242288851362e+00
5.453294890550574259e+00
9.416914236192898358e+00
7.624787803043177270e+00
1.179232354874052646e+01
8.678034072570810054e+00
7.231669299910323367e+00
3.486234698203102056e+00
3.601676278092701633e+00
3.433687235784068648e+00
5.760690488794116604e+00
8.096900009026395395e+00
1.475632231494289570e+00
1.675704924785059280e+00
1.387961962887650502e+00
3.733622054698024773e+00
2.368673079661606895e+00
1.907617228716547819e+00
2.569904094831461983e+00
9.416914236192898358e+00
2.849241035599817451e+00
3.337360685384656023e+00
3.102434947113386521e+00
1.784239963546320640e+00
3.360430623882499912e+00
1.197952609522063616e+00
1.179232354874052646e+01
1.039908330077200382e+01
4.280858269067012500e+00
2.950626275468136495e+00
4.473116886549839855e+00
9.416914236192898358e+00
6.610073730275682458e+00
5.319245908954468582e+00
2.167841182847693560e+00
5.938555968349024106e+00
8.096900009026395395e+00
4.115858574785381307e+00
7.231669299910323367e+00
9.416914236192898358e+00
4.065856891298627929e+00
3.632971226107808871e+00
1.179232354874052646e+01
2.923820937566300238e+00
3.486234698203102056e+00
1.179232354874052646e+01
8.096900009026395395e+00
8.678034072570810054e+00
4.786736248424851681e+00
3.408561838594738269e+00
4.700931397034700865e+00
1.833319914233652481e+00
1.846025285547213679e+00
2.450624889800860018e+00
1.398629835594442028e+01
7.624787803043177270e+00
1.039908330077200382e+01
2.450624889800860018e+00
1.398629835594442028e+01
6.358606592409067559e+00
1.603031323186110413e+00
5.938555968349024106e+00
1.039908330077200382e+01
6.610073730275682458e+00
4.280858269067012500e+00
6.610073730275682458e+00
2.964429488561219017e+00
7.624787803043177270e+00
8.096900009026395395e+00
4.878394624674863067e+00
8.096900009026395395e+00
8.678034072570810054e+00
1.179232354874052646e+01
3.211150847236301953e+00
1.832078762928162297e+00
8.678034072570810054e+00
1.392655935153101598e+00
4.168228764679975384e+00
5.195979376524188176e+00
5.938555968349024106e+00
6.610073730275682458e+00
6.358606592409067559e+00
4.280858269067012500e+00
9.416914236192898358e+00
3.459565571344153323e+00
4.544599325704925974e+00
2.373734583566903922e+00
2.600362969809127289e+00
1.179232354874052646e+01
1.179232354874052646e+01
5.760690488794116604e+00
1.939158292294280717e+00
1.601041116627123229e+00
1.241061264299400113e+00
2.885492545342460691e+00
1.632997399655782500e+00
2.416218955244159083e+00
3.022527077779549209e+00
4.115858574785381307e+00
9.416914236192898358e+00
3.928432270049376118e+00
3.433687235784068648e+00
2.041895250132428785e+00
8.096900009026395395e+00
1.597115626557475743e+00
7.624787803043177270e+00
5.453294890550574259e+00
6.358606592409067559e+00
1.398629835594442028e+01
3.486234698203102056e+00
3.007550279977043939e+00
5.195979376524188176e+00
5.195979376524188176e+00
3.769656614340512579e+00
1.398629835594442028e+01
8.096900009026395395e+00
8.096900009026395395e+00
5.599771011072511406e+00
5.938555968349024106e+00
2.771764498081669359e+00
6.897911705949119288e+00
5.082138707842611680e+00
3.173174188550006658e+00
8.678034072570810054e+00
4.976593774190632757e+00
6.610073730275682458e+00
1.039908330077200382e+01
9.416914236192898358e+00
1.179232354874052646e+01
4.473116886549839855e+00
1.398629835594442028e+01
7.624787803043177270e+00
5.760690488794116604e+00
4.341567762109392881e+00
9.416914236192898358e+00
1.398629835594442028e+01
8.678034072570810054e+00
1.179232354874052646e+01
1.851262396662405108e+00
7.231669299910323367e+00
4.473116886549839855e+00
2.032674798815480521e+00
5.760690488794116604e+00
1.819947228152227758e+00
1.398629835594442028e+01
1.717685741529500376e+00
1.669584256226073204e+00
3.807062732691569362e+00
5.453294890550574259e+00
7.624787803043177270e+00
8.096900009026395395e+00
1.806027593512753437e+00
3.571407438589082606e+00
2.421793639372847196e+00
3.542110502930233107e+00
2.076091829084566687e+00
4.341567762109392881e+00
1.815232394394834303e+00
3.733622054698024773e+00
4.976593774190632757e+00
1.640573338454888619e+00
8.678034072570810054e+00
6.610073730275682458e+00
5.453294890550574259e+00
2.624331309851516192e+00
5.599771011072511406e+00
5.082138707842611680e+00
3.154863010022843639e+00
4.473116886549839855e+00
2.307323386490875983e+00
1.398629835594442028e+01
5.195979376524188176e+00
1.398629835594442028e+01
3.665350790092954725e+00
2.197871251686610794e+00
1.715248271035793026e+00
7.231669299910323367e+00
3.845928459108548747e+00
1.398629835594442028e+01
5.938555968349024106e+00
4.223157861610916441e+00
5.599771011072511406e+00
8.678034072570810054e+00
1.671607080334299278e+00
1.039908330077200382e+01
8.678034072570810054e+00
3.173174188550006658e+00
5.938555968349024106e+00
7.624787803043177270e+00
4.168228764679975384e+00
9.416914236192898358e+00
4.018052477870398320e+00
6.136517930958749645e+00
3.459565571344153323e+00
3.433687235784068648e+00
4.544599325704925974e+00
1.898261619404849165e+00
2.782273821805790082e+00
6.610073730275682458e+00
2.937092949591392887e+00
5.760690488794116604e+00
5.082138707842611680e+00
4.878394624674863067e+00
8.096900009026395395e+00
3.698878228091092790e+00
1.398629835594442028e+01
6.897911705949119288e+00
3.807062732691569362e+00
5.760690488794116604e+00
9.416914236192898358e+00
4.700931397034700865e+00
3.314915093660648182e+00
5.760690488794116604e+00
2.302919592689344874e+00
4.405553507134619906e+00
2.174330866618579439e+00
2.792960737629894830e+00
1.312020280342138800e+00
1.642358195267476839e+00
8.096900009026395395e+00
1.477434449965811858e+00
3.119509200577058827e+00
3.293066527421812495e+00
1.179232354874052646e+01
3.769656614340512579e+00
8.096900009026395395e+00
4.341567762109392881e+00
2.898028413325541841e+00
3.251059244529220571e+00
8.678034072570810054e+00
1.811745999817073960e+00
2.702789828280608209e+00
2.025908482840985236e+00
6.136517930958749645e+00
1.441107173029291255e+00
9.416914236192898358e+00
1.251554947505146842e+00
4.620389377369722439e+00
3.433687235784068648e+00
6.897911705949119288e+00
5.938555968349024106e+00
2.731409685221252381e+00
4.700931397034700865e+00
2.389241457164998916e+00
5.319245908954468582e+00
8.096900009026395395e+00
6.897911705949119288e+00
8.096900009026395395e+00
6.897911705949119288e+00
8.096900009026395395e+00
1.039908330077200382e+01
8.678034072570810054e+00
3.632971226107808871e+00
3.845928459108548747e+00
8.678034072570810054e+00
3.845928459108548747e+00
5.453294890550574259e+00
4.223157861610916441e+00
2.849241035599817451e+00
2.405251979736009904e+00
4.223157861610916441e+00
4.473116886549839855e+00
8.678034072570810054e+00
1.179232354874052646e+01
3.698878228091092790e+00
3.211150847236301953e+00
8.678034072570810054e+00
5.453294890550574259e+00
1.398629835594442028e+01
1.275686555188445537e+00
1.336297306739118618e+00
3.384154002867322930e+00
3.486234698203102056e+00
5.082138707842611680e+00
4.341567762109392881e+00
6.136517930958749645e+00
2.978511558928810921e+00
1.179232354874052646e+01
3.928432270049376118e+00
7.624787803043177270e+00
4.223157861610916441e+00
2.513593443840427710e+00
2.885492545342460691e+00
4.018052477870398320e+00
4.223157861610916441e+00
2.081239496857343774e+00
2.237704392145309029e+00
6.610073730275682458e+00
8.096900009026395395e+00
1.798209334120603353e+00
2.184258738671068123e+00
4.280858269067012500e+00
4.115858574785381307e+00
1.418071396783106231e+00
4.473116886549839855e+00
1.933972580638242622e+00
2.898028413325541841e+00
1.393253999014993472e+00
1.698815542373299792e+00
6.897911705949119288e+00
5.082138707842611680e+00
4.786736248424851681e+00
3.928432270049376118e+00
1.947984362959267468e+00
2.155159499064206230e+00
1.398629835594442028e+01
6.136517930958749645e+00
9.416914236192898358e+00
5.599771011072511406e+00
2.548103645368455794e+00
5.599771011072511406e+00
3.069418688761713643e+00
7.231669299910323367e+00
1.179232354874052646e+01
4.280858269067012500e+00
5.082138707842611680e+00
2.534035564788753359e+00
1.247847518599038086e+00
2.133871204226707174e+00
8.678034072570810054e+00
1.324822667152222966e+00
2.837587178760800022e+00
1.695057530250765110e+00
1.899802017470482163e+00
5.195979376524188176e+00
2.191010190989294504e+00
6.610073730275682458e+00
1.039908330077200382e+01
3.928432270049376118e+00
4.405553507134619906e+00
1.179232354874052646e+01
1.398629835594442028e+01
2.693542336525760028e+00
6.358606592409067559e+00
4.976593774190632757e+00
5.082138707842611680e+00
3.807062732691569362e+00
8.678034072570810054e+00
3.769656614340512579e+00
1.039908330077200382e+01
3.845928459108548747e+00
9.416914236192898358e+00
9.416914236192898358e+00
2.761427962779658074e+00
3.571407438589082606e+00
4.405553507134619906e+00
1.874584555473808312e+00
6.897911705949119288e+00
1.398629835594442028e+01
1.398629835594442028e+01
6.358606592409067559e+00
4.115858574785381307e+00
3.433687235784068648e+00
2.548103645368455794e+00
1.398629835594442028e+01
5.938555968349024106e+00
3.191930765070057685e+00
4.878394624674863067e+00
3.136980091804868032e+00
3.211150847236301953e+00
5.195979376524188176e+00
1.039908330077200382e+01
8.678034072570810054e+00
2.142858402411555119e+00
2.211934144629770671e+00
1.843440562631710078e+00
3.513735171890392195e+00
9.416914236192898358e+00
3.293066527421812495e+00
1.087848097347758447e+00
2.771764498081669359e+00
4.405553507134619906e+00
4.405553507134619906e+00
1.881793663900440006e+00
1.039908330077200382e+01
6.897911705949119288e+00
1.179232354874052646e+01
3.601676278092701633e+00
2.731409685221252381e+00
4.341567762109392881e+00
4.976593774190632757e+00
1.782151438822749068e+00
9.416914236192898358e+00
2.368673079661606895e+00
1.979837573903036496e+00
3.698878228091092790e+00
8.678034072570810054e+00
1.176737230837959114e+00
2.803830237199933517e+00
3.807062732691569362e+00
5.082138707842611680e+00
5.599771011072511406e+00
2.233928279899840330e+00
6.897911705949119288e+00
4.473116886549839855e+00
7.231669299910323367e+00
1.674331158944195153e+00
6.136517930958749645e+00
1.812903457783741734e+00
2.693542336525760028e+00
2.399857523051045938e+00
1.741623992704296686e+00
2.803830237199933517e+00
5.453294890550574259e+00
8.678034072570810054e+00
4.168228764679975384e+00
4.786736248424851681e+00
2.803830237199933517e+00
9.416914236192898358e+00
1.039908330077200382e+01
2.937092949591392887e+00
1.179232354874052646e+01
4.018052477870398320e+00
1.039908330077200382e+01
5.760690488794116604e+00
6.897911705949119288e+00
5.195979376524188176e+00
2.632548248018265813e+00
3.136980091804868032e+00
2.885492545342460691e+00
3.119509200577058827e+00
2.329989077118142404e+00
1.398629835594442028e+01
1.310393093327722802e+00
1.398629835594442028e+01
5.599771011072511406e+00
5.938555968349024106e+00
5.599771011072511406e+00
7.624787803043177270e+00
3.119509200577058827e+00
5.938555968349024106e+00
9.416914236192898358e+00
1.398629835594442028e+01
5.319245908954468582e+00
7.231669299910323367e+00
7.624787803043177270e+00
1.398629835594442028e+01
2.640883416478467360e+00
4.620389377369722439e+00
9.416914236192898358e+00
6.897911705949119288e+00
2.624331309851516192e+00
5.760690488794116604e+00
1.179232354874052646e+01
1.898261619404849165e+00
9.416914236192898358e+00
3.154863010022843639e+00
2.792960737629894830e+00
1.373086393577538811e+00
1.179232354874052646e+01
6.610073730275682458e+00
3.769656614340512579e+00
3.360430623882499912e+00
6.610073730275682458e+00
2.964429488561219017e+00
2.294236019074040289e+00
5.760690488794116604e+00
8.096900009026395395e+00
3.769656614340512579e+00
1.398629835594442028e+01
1.179232354874052646e+01
6.897911705949119288e+00
6.358606592409067559e+00
7.231669299910323367e+00
9.416914236192898358e+00
6.358606592409067559e+00
6.897911705949119288e+00
1.179232354874052646e+01
6.136517930958749645e+00
1.255689876631958635e+00
3.571407438589082606e+00
6.610073730275682458e+00
1.179232354874052646e+01
1.398629835594442028e+01
1.944425974876258456e+00
4.786736248424851681e+00
1.391171919635509679e+00
3.360430623882499912e+00
1.556620593322780799e+00
1.179232354874052646e+01
2.500384580221138187e+00
1.179232354874052646e+01
1.398629835594442028e+01
8.096900009026395395e+00
9.416914236192898358e+00
1.179232354874052646e+01
6.897911705949119288e+00
4.473116886549839855e+00
4.405553507134619906e+00
2.741254929226880854e+00
8.678034072570810054e+00
2.577365326119689826e+00
5.760690488794116604e+00
6.358606592409067559e+00
2.741254929226880854e+00
2.180923220552969610e+00
2.353798308609992951e+00
3.251059244529220571e+00
3.972290858234542643e+00
2.253141073238071002e+00
3.632971226107808871e+00
2.127989266991883621e+00
4.115858574785381307e+00
2.721719722625026705e+00
4.018052477870398320e+00
1.039908330077200382e+01
3.513735171890392195e+00
1.398629835594442028e+01
5.195979376524188176e+00
1.039908330077200382e+01
4.786736248424851681e+00
2.294236019074040289e+00
3.408561838594738269e+00
5.599771011072511406e+00
6.897911705949119288e+00
2.450624889800860018e+00
3.085742730838076042e+00
1.398629835594442028e+01
4.976593774190632757e+00
6.897911705949119288e+00
1.906038887822977035e+00
1.716870652467030522e+00
4.700931397034700865e+00
8.096900009026395395e+00
5.599771011072511406e+00
8.096900009026395395e+00
8.096900009026395395e+00
1.039908330077200382e+01
5.760690488794116604e+00
1.398629835594442028e+01
3.136980091804868032e+00
4.018052477870398320e+00
8.678034072570810054e+00
1.460932990486410121e+00
1.039908330077200382e+01
1.179232354874052646e+01
1.039908330077200382e+01
1.914008960036917228e+00
1.398629835594442028e+01
2.666627031328418163e+00
3.433687235784068648e+00
1.257534525209141885e+00
1.081260087523667757e+00
4.473116886549839855e+00
1.594218485481990077e+00
3.807062732691569362e+00
2.964429488561219017e+00
3.769656614340512579e+00
1.180429622438081250e+00
1.297362340479818910e+00
1.328283494601271597e+00
2.814887509662116649e+00
9.416914236192898358e+00
3.136980091804868032e+00
2.624331309851516192e+00
1.989794549508401955e+00
5.195979376524188176e+00
1.039908330077200382e+01
4.976593774190632757e+00
6.136517930958749645e+00
6.610073730275682458e+00
1.179232354874052646e+01
1.039908330077200382e+01
3.845928459108548747e+00
6.358606592409067559e+00
7.624787803043177270e+00
5.760690488794116604e+00
3.384154002867322930e+00
3.845928459108548747e+00
9.416914236192898358e+00
5.760690488794116604e+00
2.792960737629894830e+00
7.231669299910323367e+00
2.721719722625026705e+00
1.332595529370690146e+00
1.723465429653036285e+00
1.179232354874052646e+01
4.168228764679975384e+00
9.416914236192898358e+00
3.230853584175824800e+00
6.610073730275682458e+00
1.725982898375475028e+00
3.230853584175824800e+00
8.096900009026395395e+00
5.760690488794116604e+00
1.398629835594442028e+01
6.610073730275682458e+00
4.620389377369722439e+00
6.897911705949119288e+00
1.039908330077200382e+01
9.416914236192898358e+00
1.039908330077200382e+01
1.179232354874052646e+01
6.358606592409067559e+00
4.620389377369722439e+00
1.398629835594442028e+01
1.398629835594442028e+01
1.398629835594442028e+01
7.231669299910323367e+00
5.195979376524188176e+00
1.437423323198224967e+00
1.456538970771452224e+00
3.632971226107808871e+00
1.995907295605942933e+00
1.686265806167448256e+00
2.978511558928810921e+00
3.601676278092701633e+00
1.461873321893286670e+00
6.136517930958749645e+00
1.398629835594442028e+01
7.231669299910323367e+00
5.599771011072511406e+00
1.893684643924745448e+00
1.039908330077200382e+01
4.786736248424851681e+00
3.037823084271166429e+00
2.761427962779658074e+00
4.065856891298627929e+00
5.599771011072511406e+00
2.298557350582805636e+00
1.179232354874052646e+01
4.405553507134619906e+00
8.678034072570810054e+00
8.678034072570810054e+00
3.053449648393774751e+00
1.179232354874052646e+01
2.721719722625026705e+00
8.678034072570810054e+00
8.678034072570810054e+00
1.039908330077200382e+01
1.039908330077200382e+01
3.360430623882499912e+00
8.096900009026395395e+00
7.624787803043177270e+00
1.179232354874052646e+01
5.319245908954468582e+00
1.398629835594442028e+01
8.096900009026395395e+00
1.135962045264030884e+00
6.897911705949119288e+00
1.932261864625246073e+00
2.569904094831461983e+00
4.786736248424851681e+00
5.082138707842611680e+00
6.358606592409067559e+00
1.295671985401156245e+00
5.319245908954468582e+00
6.610073730275682458e+00
4.341567762109392881e+00
4.405553507134619906e+00
2.237704392145309029e+00
3.807062732691569362e+00
3.384154002867322930e+00
2.394521021288847251e+00
2.741254929226880854e+00
8.096900009026395395e+00
2.814887509662116649e+00
2.782273821805790082e+00
3.069418688761713643e+00
1.274482527262427611e+00
1.238790558272977460e+00
5.195979376524188176e+00
3.293066527421812495e+00
5.319245908954468582e+00
3.845928459108548747e+00
2.616229867989665170e+00
4.700931397034700865e+00
6.897911705949119288e+00
1.398629835594442028e+01
1.039908330077200382e+01
5.760690488794116604e+00
3.928432270049376118e+00
1.245831131113336765e+00
1.300545043246221777e+00
8.096900009026395395e+00
3.337360685384656023e+00
4.405553507134619906e+00
3.069418688761713643e+00
2.608241275667662507e+00
9.416914236192898358e+00
4.065856891298627929e+00
8.096900009026395395e+00
1.039908330077200382e+01
1.609630049319805245e+00
3.459565571344153323e+00
6.610073730275682458e+00
3.571407438589082606e+00
1.685547237278869792e+00
4.223157861610916441e+00
2.438896058458208671e+00
2.091746430803133272e+00
2.632548248018265813e+00
1.179232354874052646e+01
6.136517930958749645e+00
3.845928459108548747e+00
8.678034072570810054e+00
4.223157861610916441e+00
1.724301850039699824e+00
4.280858269067012500e+00
3.845928459108548747e+00
1.918886854483606852e+00
6.897911705949119288e+00
3.845928459108548747e+00
1.179232354874052646e+01
4.786736248424851681e+00
3.928432270049376118e+00
9.416914236192898358e+00
8.096900009026395395e+00
6.610073730275682458e+00
4.168228764679975384e+00
3.542110502930233107e+00
2.344131364229995906e+00
9.416914236192898358e+00
2.405251979736009904e+00
1.039908330077200382e+01
3.807062732691569362e+00
3.230853584175824800e+00
1.179232354874052646e+01
3.211150847236301953e+00
3.665350790092954725e+00
1.398629835594442028e+01
3.433687235784068648e+00
2.438896058458208671e+00
3.360430623882499912e+00
4.065856891298627929e+00
5.319245908954468582e+00
5.760690488794116604e+00
5.319245908954468582e+00
6.610073730275682458e+00
1.398629835594442028e+01
8.678034072570810054e+00
6.897911705949119288e+00
1.039908330077200382e+01
2.113652733732103606e+00
6.136517930958749645e+00
5.082138707842611680e+00
4.473116886549839855e+00
1.398629835594442028e+01
5.195979376524188176e+00
1.019036357361783107e+00
1.735429295495502622e+00
3.542110502930233107e+00
4.018052477870398320e+00
2.399857523051045938e+00
8.678034072570810054e+00
2.097108907371464603e+00
4.168228764679975384e+00
6.136517930958749645e+00
1.039908330077200382e+01
3.211150847236301953e+00
3.665350790092954725e+00
2.814887509662116649e+00
5.599771011072511406e+00
1.179232354874052646e+01
5.599771011072511406e+00
8.678034072570810054e+00
1.185185947518355265e+00
5.453294890550574259e+00
3.337360685384656023e+00
3.807062732691569362e+00
1.398629835594442028e+01
1.179232354874052646e+01
1.039908330077200382e+01
3.154863010022843639e+00
3.886349915492472107e+00
8.678034072570810054e+00
6.897911705949119288e+00
5.195979376524188176e+00
3.173174188550006658e+00
3.698878228091092790e+00
1.566851537979052633e+00
5.319245908954468582e+00
6.136517930958749645e+00
1.179232354874052646e+01
4.473116886549839855e+00
4.341567762109392881e+00
2.265081126183691840e+00
1.039908330077200382e+01
2.803830237199933517e+00
6.358606592409067559e+00
1.398629835594442028e+01
4.473116886549839855e+00
5.319245908954468582e+00
3.972290858234542643e+00
8.678034072570810054e+00
7.231669299910323367e+00
4.018052477870398320e+00
1.179232354874052646e+01
4.544599325704925974e+00
8.096900009026395395e+00
1.398629835594442028e+01
3.053449648393774751e+00
1.179232354874052646e+01
1.917252748664020290e+00
5.319245908954468582e+00
1.398629835594442028e+01
1.179232354874052646e+01
1.539813439635981940e+00
2.761427962779658074e+00
5.082138707842611680e+00
8.678034072570810054e+00
1.179232354874052646e+01
4.341567762109392881e+00
2.792960737629894830e+00
2.253141073238071002e+00
7.624787803043177270e+00
2.253141073238071002e+00
4.544599325704925974e+00
2.014903856650893665e+00
3.211150847236301953e+00
3.384154002867322930e+00
1.320280283670422383e+00
1.398629835594442028e+01
7.624787803043177270e+00
1.422406895160583495e+00
1.361947549883639974e+00
2.978511558928810921e+00
1.398629835594442028e+01
3.733622054698024773e+00
3.601676278092701633e+00
3.513735171890392195e+00
1.179232354874052646e+01
4.878394624674863067e+00
5.319245908954468582e+00
1.039908330077200382e+01
3.384154002867322930e+00
8.678034072570810054e+00
6.610073730275682458e+00
2.184258738671068123e+00
5.082138707842611680e+00
5.195979376524188176e+00
6.897911705949119288e+00
1.039908330077200382e+01
5.599771011072511406e+00
1.039908330077200382e+01
8.678034072570810054e+00
1.179232354874052646e+01
1.398629835594442028e+01
4.280858269067012500e+00
1.398629835594442028e+01
4.700931397034700865e+00
8.678034072570810054e+00
5.319245908954468582e+00
1.563520212524170949e+00
2.992881877159055737e+00
3.486234698203102056e+00
3.251059244529220571e+00
8.678034072570810054e+00
1.366166864825564042e+00
5.453294890550574259e+00
4.786736248424851681e+00
6.358606592409067559e+00
4.878394624674863067e+00
3.360430623882499912e+00
5.082138707842611680e+00
1.279447106094076414e+00
2.814887509662116649e+00
1.946200454808623581e+00
9.416914236192898358e+00
2.237704392145309029e+00
6.358606592409067559e+00
2.410705434109829071e+00
3.360430623882499912e+00
2.474913666413131708e+00
2.616229867989665170e+00
4.620389377369722439e+00
2.978511558928810921e+00
1.039908330077200382e+01
4.018052477870398320e+00
7.231669299910323367e+00
5.938555968349024106e+00
4.341567762109392881e+00
8.096900009026395395e+00
3.459565571344153323e+00
1.621275855538849786e+00
5.938555968349024106e+00
2.094418413124658152e+00
4.223157861610916441e+00
2.208374860764457104e+00
8.096900009026395395e+00
1.735429295495502622e+00
1.398629835594442028e+01
2.257085722832981478e+00
7.624787803043177270e+00
4.786736248424851681e+00
3.733622054698024773e+00
4.976593774190632757e+00
2.666627031328418163e+00
1.179232354874052646e+01
1.039908330077200382e+01
3.007550279977043939e+00
4.065856891298627929e+00
6.897911705949119288e+00
7.231669299910323367e+00
6.358606592409067559e+00
3.845928459108548747e+00
1.942660841463103916e+00
1.039908330077200382e+01
1.838337200886246414e+00
1.179232354874052646e+01
3.191930765070057685e+00
8.096900009026395395e+00
7.624787803043177270e+00
3.384154002867322930e+00
1.398629835594442028e+01
1.179232354874052646e+01
4.878394624674863067e+00
4.280858269067012500e+00
2.012742603691572540e+00
4.473116886549839855e+00
7.624787803043177270e+00
2.456591210813403148e+00
1.747052370831603474e+00
1.039908330077200382e+01
1.398629835594442028e+01
9.416914236192898358e+00
1.218657513979193752e+00
1.681985934414658601e+00
3.173174188550006658e+00
1.520360311851925328e+00
1.398629835594442028e+01
7.624787803043177270e+00
4.115858574785381307e+00
2.849241035599817451e+00
1.151795767640429569e+00
8.096900009026395395e+00
1.039908330077200382e+01
3.571407438589082606e+00
1.179232354874052646e+01
2.110846595824648730e+00
6.358606592409067559e+00
1.179232354874052646e+01
3.807062732691569362e+00
6.358606592409067559e+00
4.473116886549839855e+00
6.610073730275682458e+00
3.601676278092701633e+00
4.620389377369722439e+00
7.624787803043177270e+00
8.096900009026395395e+00
1.398629835594442028e+01
1.398629835594442028e+01
4.405553507134619906e+00
1.398629835594442028e+01
1.686986501710597386e+00
2.702789828280608209e+00
3.845928459108548747e+00
4.280858269067012500e+00
8.678034072570810054e+00
9.416914236192898358e+00
1.398629835594442028e+01
6.897911705949119288e+00
2.885492545342460691e+00
9.416914236192898358e+00
6.897911705949119288e+00
3.271789301742745071e+00
8.096900009026395395e+00
7.231669299910323367e+00
4.223157861610916441e+00
5.453294890550574259e+00
6.136517930958749645e+00
8.096900009026395395e+00
8.096900009026395395e+00
4.700931397034700865e+00
1.341117007390634441e+00
2.761427962779658074e+00
1.398629835594442028e+01
1.874584555473808312e+00
8.096900009026395395e+00
9.416914236192898358e+00
5.760690488794116604e+00
4.115858574785381307e+00
6.136517930958749645e+00
9.416914236192898358e+00
4.544599325704925974e+00
9.416914236192898358e+00
2.127989266991883621e+00
6.897911705949119288e+00
1.039908330077200382e+01
2.063518995909134013e+00
1.619650830355966464e+00
1.490892225030720164e+00
1.325964822667191623e+00
1.429346069322809942e+00
9.416914236192898358e+00
1.415950175302049807e+00
6.136517930958749645e+00
1.179232354874052646e+01
5.453294890550574259e+00
4.280858269067012500e+00
7.624787803043177270e+00
1.179232354874052646e+01
7.231669299910323367e+00
1.970157810602822135e+00
5.938555968349024106e+00
6.358606592409067559e+00
3.807062732691569362e+00
3.601676278092701633e+00
4.786736248424851681e+00
5.760690488794116604e+00
5.938555968349024106e+00
8.678034072570810054e+00
2.320790702532501193e+00
3.022527077779549209e+00
4.405553507134619906e+00
2.861105609394871685e+00
3.807062732691569362e+00
5.938555968349024106e+00
2.416218955244159083e+00
1.179232354874052646e+01
5.319245908954468582e+00
8.096900009026395395e+00
1.039908330077200382e+01
6.610073730275682458e+00
1.039908330077200382e+01
8.678034072570810054e+00
1.039908330077200382e+01
3.698878228091092790e+00
4.878394624674863067e+00
1.398629835594442028e+01
4.065856891298627929e+00
1.306910781172180069e+00
1.163004751892224853e+00
1.086132866072846648e+00
1.306390461407927139e+00
3.733622054698024773e+00
3.698878228091092790e+00
1.392954646434045651e+00
2.184258738671068123e+00
2.204844879275643876e+00
7.624787803043177270e+00
2.992881877159055737e+00
4.878394624674863067e+00
5.195979376524188176e+00
1.949777782024877837e+00
1.852586008325404876e+00
4.473116886549839855e+00
2.693542336525760028e+00
3.698878228091092790e+00
1.532633087688064943e+00
6.358606592409067559e+00
3.601676278092701633e+00
4.168228764679975384e+00
2.657919838858120443e+00
4.878394624674863067e+00
3.972290858234542643e+00
4.223157861610916441e+00
2.142858402411555119e+00
2.119325454728119507e+00
9.416914236192898358e+00
1.039908330077200382e+01
5.453294890550574259e+00
1.179232354874052646e+01
6.897911705949119288e+00
2.826137951791407588e+00
6.610073730275682458e+00
5.760690488794116604e+00
3.665350790092954725e+00
6.610073730275682458e+00
5.319245908954468582e+00
3.136980091804868032e+00
1.039908330077200382e+01
6.610073730275682458e+00
5.453294890550574259e+00
3.211150847236301953e+00
2.237704392145309029e+00
5.760690488794116604e+00
4.065856891298627929e+00
3.698878228091092790e+00
1.039908330077200382e+01
1.993857910295951941e+00
3.486234698203102056e+00
1.866149129862513689e+00
6.610073730275682458e+00
5.938555968349024106e+00
1.794923486933961421e+00
1.398629835594442028e+01
1.825950231189571671e+00
2.241513252978981630e+00
3.665350790092954725e+00
8.096900009026395395e+00
1.559028477636301258e+00
4.700931397034700865e+00
2.474913666413131708e+00
5.599771011072511406e+00
1.932261864625246073e+00
3.191930765070057685e+00
4.878394624674863067e+00
1.179232354874052646e+01
6.897911705949119288e+00
3.337360685384656023e+00
3.542110502930233107e+00
4.018052477870398320e+00
7.624787803043177270e+00
3.769656614340512579e+00
2.099818125488933873e+00
2.433131022740910421e+00
4.878394624674863067e+00
2.861105609394871685e+00
2.741254929226880854e+00
1.252152475058479375e+00
4.405553507134619906e+00
1.883255678433888081e+00
1.039908330077200382e+01
8.096900009026395395e+00
8.678034072570810054e+00
1.039908330077200382e+01
1.398629835594442028e+01
4.280858269067012500e+00
3.230853584175824800e+00
2.021466430468567665e+00
6.897911705949119288e+00
8.678034072570810054e+00
4.341567762109392881e+00
3.665350790092954725e+00
3.154863010022843639e+00
6.610073730275682458e+00
5.319245908954468582e+00
1.691355920659442624e+00
2.814887509662116649e+00
6.610073730275682458e+00
2.923820937566300238e+00
2.021466430468567665e+00
2.534035564788753359e+00
4.878394624674863067e+00
5.453294890550574259e+00
2.097108907371464603e+00
2.122192516203067036e+00
1.679174139125171106e+00
4.976593774190632757e+00
1.039908330077200382e+01
1.398629835594442028e+01
2.025908482840985236e+00
1.398629835594442028e+01
6.897911705949119288e+00
5.599771011072511406e+00
2.541024365102452442e+00
3.337360685384656023e+00
1.398629835594442028e+01
4.878394624674863067e+00
1.398629835594442028e+01
6.897911705949119288e+00
3.928432270049376118e+00
2.910802040512921351e+00
4.473116886549839855e+00
4.976593774190632757e+00
5.195979376524188176e+00
3.571407438589082606e+00
7.231669299910323367e+00
1.039908330077200382e+01
6.136517930958749645e+00
3.191930765070057685e+00
2.125080370540599173e+00
1.759208470316799167e+00
2.427430610782826292e+00
3.154863010022843639e+00
1.670930893494030123e+00
3.136980091804868032e+00
1.117705771700042705e+00
1.529835429764875299e+00
3.972290858234542643e+00
1.520030694860083909e+00
1.537630764933731520e+00
5.453294890550574259e+00
3.972290858234542643e+00
1.179232354874052646e+01
8.678034072570810054e+00
4.473116886549839855e+00
3.459565571344153323e+00
2.044236829223658347e+00
4.223157861610916441e+00
1.559837651361916322e+00
2.649339640162833298e+00
6.136517930958749645e+00
1.862016541615383325e+00
2.826137951791407588e+00
2.405251979736009904e+00
1.230408809169569295e+00
4.620389377369722439e+00
5.938555968349024106e+00
1.964477792996857763e+00
5.195979376524188176e+00
2.978511558928810921e+00
5.760690488794116604e+00
6.358606592409067559e+00
5.319245908954468582e+00
9.416914236192898358e+00
5.319245908954468582e+00
6.897911705949119288e+00
2.334656460882007956e+00
1.488115239803875056e+00
1.991820365640002644e+00
3.632971226107808871e+00
1.710442529738738893e+00
4.700931397034700865e+00
5.760690488794116604e+00
6.358606592409067559e+00
6.358606592409067559e+00
9.416914236192898358e+00
6.358606592409067559e+00
8.678034072570810054e+00
1.039908330077200382e+01
6.897911705949119288e+00
8.678034072570810054e+00
2.125080370540599173e+00
4.280858269067012500e+00
1.920529191245013978e+00
1.657160051489397823e+00
8.096900009026395395e+00
3.230853584175824800e+00
1.430695362630478584e+00
1.571954208657214469e+00
6.358606592409067559e+00
6.136517930958749645e+00
2.657919838858120443e+00
7.231669299910323367e+00
2.520321910585981318e+00
2.456591210813403148e+00
4.878394624674863067e+00
9.416914236192898358e+00
1.398629835594442028e+01
6.136517930958749645e+00
2.624331309851516192e+00
3.486234698203102056e+00
6.610073730275682458e+00
7.231669299910323367e+00
7.231669299910323367e+00
2.548103645368455794e+00
3.698878228091092790e+00
1.937420717991639396e+00
3.136980091804868032e+00
3.119509200577058827e+00
1.179232354874052646e+01
2.438896058458208671e+00
1.039908330077200382e+01
5.938555968349024106e+00
3.698878228091092790e+00
2.273221519718087613e+00
6.136517930958749645e+00
7.624787803043177270e+00
5.082138707842611680e+00
1.398629835594442028e+01
4.700931397034700865e+00
6.897911705949119288e+00
1.179232354874052646e+01
1.179232354874052646e+01
6.610073730275682458e+00
6.897911705949119288e+00
4.473116886549839855e+00
9.416914236192898358e+00
2.184258738671068123e+00
1.537630764933731520e+00
3.807062732691569362e+00
1.235300791874150539e+00
3.230853584175824800e+00
1.365555613945894198e+00
1.458605568958885268e+00
4.700931397034700865e+00
1.910797293384539852e+00
1.398629835594442028e+01
1.039908330077200382e+01
1.340516368810159786e+00
4.405553507134619906e+00
1.039908330077200382e+01
3.769656614340512579e+00
3.698878228091092790e+00
2.194426837954386755e+00
3.271789301742745071e+00
3.408561838594738269e+00
2.339370301369074312e+00
1.993857910295951941e+00
2.066000430033257285e+00
2.017078158385880116e+00
8.096900009026395395e+00
3.459565571344153323e+00
2.265081126183691840e+00
2.657919838858120443e+00
4.115858574785381307e+00
2.041895250132428785e+00
8.096900009026395395e+00
3.053449648393774751e+00
8.096900009026395395e+00
1.179232354874052646e+01
1.039908330077200382e+01
4.405553507134619906e+00
1.179232354874052646e+01
1.179232354874052646e+01
7.624787803043177270e+00
1.039908330077200382e+01
3.542110502930233107e+00
2.389241457164998916e+00
4.018052477870398320e+00
3.293066527421812495e+00
9.416914236192898358e+00
8.096900009026395395e+00
4.620389377369722439e+00
8.678034072570810054e+00
2.782273821805790082e+00
1.681279911467575161e+00
8.678034072570810054e+00
1.179232354874052646e+01
5.082138707842611680e+00
7.624787803043177270e+00
3.972290858234542643e+00
6.358606592409067559e+00
3.486234698203102056e+00
1.928866762260708967e+00
2.378849195377106263e+00
1.039908330077200382e+01
3.665350790092954725e+00
2.373734583566903922e+00
2.368673079661606895e+00
4.223157861610916441e+00
6.897911705949119288e+00
1.794923486933961421e+00
4.115858574785381307e+00
2.265081126183691840e+00
2.481166935347186797e+00
4.620389377369722439e+00
5.938555968349024106e+00
6.897911705949119288e+00
3.085742730838076042e+00
2.302919592689344874e+00
2.099818125488933873e+00
3.486234698203102056e+00
2.616229867989665170e+00
1.398629835594442028e+01
2.044236829223658347e+00
1.734556193726289886e+00
3.601676278092701633e+00
1.880338448930363171e+00
1.179232354874052646e+01
8.678034072570810054e+00
4.700931397034700865e+00
1.179232354874052646e+01
4.115858574785381307e+00
1.398629835594442028e+01
2.950626275468136495e+00
2.640883416478467360e+00
1.039908330077200382e+01
8.096900009026395395e+00
2.513593443840427710e+00
3.191930765070057685e+00
5.938555968349024106e+00
8.678034072570810054e+00
4.786736248424851681e+00
1.179232354874052646e+01
1.039908330077200382e+01
2.161451564789572011e+00
3.022527077779549209e+00
2.127989266991883621e+00
4.700931397034700865e+00
4.473116886549839855e+00
3.571407438589082606e+00
4.878394624674863067e+00
6.136517930958749645e+00
1.906038887822977035e+00
3.408561838594738269e+00
3.928432270049376118e+00
5.760690488794116604e+00
4.115858574785381307e+00
2.081239496857343774e+00
5.082138707842611680e+00
5.319245908954468582e+00
3.293066527421812495e+00
2.368673079661606895e+00
3.191930765070057685e+00
2.873187242288851362e+00
2.285713591526753241e+00
3.845928459108548747e+00
2.456591210813403148e+00
2.302919592689344874e+00
1.332036160390767554e+00
1.342530188786301260e+00
1.411286256874115574e+00
2.592592467664705858e+00
3.136980091804868032e+00
4.878394624674863067e+00
1.039908330077200382e+01
7.624787803043177270e+00
3.928432270049376118e+00
7.624787803043177270e+00
4.786736248424851681e+00
4.473116886549839855e+00
4.405553507134619906e+00
4.280858269067012500e+00
3.408561838594738269e+00
2.021466430468567665e+00
5.938555968349024106e+00
1.962605184504187195e+00
4.700931397034700865e+00
2.456591210813403148e+00
1.039908330077200382e+01
1.039908330077200382e+01
5.195979376524188176e+00
1.179232354874052646e+01
6.136517930958749645e+00
1.039908330077200382e+01
3.337360685384656023e+00
1.398629835594442028e+01
1.360532180253358314e+00
1.039908330077200382e+01
1.878889981653467878e+00
2.329989077118142404e+00
2.339370301369074312e+00
1.179232354874052646e+01
3.337360685384656023e+00
5.938555968349024106e+00
4.115858574785381307e+00
3.886349915492472107e+00
2.741254929226880854e+00
4.405553507134619906e+00
5.319245908954468582e+00
4.544599325704925974e+00
7.624787803043177270e+00
1.844730138050878709e+00
1.536908716161947464e+00
1.678476281290716798e+00
1.179232354874052646e+01
2.600362969809127289e+00
2.592592467664705858e+00
5.760690488794116604e+00
5.082138707842611680e+00
6.136517930958749645e+00
6.897911705949119288e+00
5.319245908954468582e+00
4.878394624674863067e+00
1.398629835594442028e+01
1.324560690948091812e+00
9.416914236192898358e+00
4.115858574785381307e+00
2.803830237199933517e+00
1.241857171773917523e+00
6.358606592409067559e+00
2.649339640162833298e+00
4.223157861610916441e+00
5.760690488794116604e+00
1.725982898375475028e+00
3.845928459108548747e+00
2.950626275468136495e+00
3.360430623882499912e+00
2.493900867892873130e+00
2.348940432796867483e+00
3.459565571344153323e+00
4.168228764679975384e+00
7.231669299910323367e+00
2.028150016985720505e+00
3.293066527421812495e+00
4.976593774190632757e+00
2.127989266991883621e+00
1.799313150312622289e+00
1.681279911467575161e+00
5.760690488794116604e+00
1.179232354874052646e+01
6.358606592409067559e+00
1.179232354874052646e+01
9.416914236192898358e+00
2.520321910585981318e+00
5.760690488794116604e+00
3.769656614340512579e+00
1.207580891434733239e+00
6.897911705949119288e+00
3.251059244529220571e+00
5.938555968349024106e+00
3.007550279977043939e+00
2.616229867989665170e+00
1.398629835594442028e+01
4.878394624674863067e+00
1.398629835594442028e+01
1.179232354874052646e+01
2.741254929226880854e+00
4.341567762109392881e+00
2.666627031328418163e+00
3.271789301742745071e+00
4.018052477870398320e+00
1.580304827940290480e+00
3.360430623882499912e+00
5.938555968349024106e+00
2.548103645368455794e+00
4.223157861610916441e+00
5.195979376524188176e+00
2.148962559320569898e+00
2.048964818631229257e+00
4.786736248424851681e+00
1.039908330077200382e+01
1.390877009139905418e+00
1.398629835594442028e+01
4.405553507134619906e+00
6.610073730275682458e+00
1.398629835594442028e+01
5.938555968349024106e+00
2.174330866618579439e+00
6.610073730275682458e+00
4.280858269067012500e+00
1.179232354874052646e+01
2.910802040512921351e+00
5.453294890550574259e+00
3.769656614340512579e+00
1.179232354874052646e+01
3.459565571344153323e+00
1.687709334282742724e+00
6.358606592409067559e+00
4.115858574785381307e+00
1.608601610670515214e+00
2.257085722832981478e+00
1.398629835594442028e+01
4.405553507134619906e+00
3.632971226107808871e+00
3.698878228091092790e+00
7.231669299910323367e+00
4.065856891298627929e+00
4.878394624674863067e+00
5.319245908954468582e+00
4.065856891298627929e+00
7.231669299910323367e+00
2.792960737629894830e+00
2.344131364229995906e+00
3.769656614340512579e+00
1.039908330077200382e+01
6.136517930958749645e+00
4.473116886549839855e+00
3.632971226107808871e+00
1.179232354874052646e+01
2.534035564788753359e+00
1.179232354874052646e+01
3.698878228091092790e+00
3.211150847236301953e+00
7.624787803043177270e+00
5.319245908954468582e+00
3.459565571344153323e+00
4.976593774190632757e+00
1.398629835594442028e+01
1.179232354874052646e+01
5.082138707842611680e+00
1.484840602136889620e+00
1.589946128714790685e+00
1.970157810602822135e+00
2.910802040512921351e+00
3.007550279977043939e+00
2.148962559320569898e+00
5.760690488794116604e+00
7.231669299910323367e+00
2.265081126183691840e+00
1.531929772649498034e+00
7.231669299910323367e+00
4.405553507134619906e+00
3.037823084271166429e+00
5.453294890550574259e+00
4.786736248424851681e+00
1.039908330077200382e+01
9.416914236192898358e+00
9.416914236192898358e+00
5.453294890550574259e+00
9.416914236192898358e+00
4.620389377369722439e+00
2.265081126183691840e+00
2.837587178760800022e+00
3.571407438589082606e+00
2.937092949591392887e+00
1.179232354874052646e+01
5.319245908954468582e+00
3.807062732691569362e+00
8.678034072570810054e+00
8.096900009026395395e+00
1.398629835594442028e+01
1.039908330077200382e+01
3.665350790092954725e+00
2.438896058458208671e+00
5.319245908954468582e+00
1.179232354874052646e+01
2.094418413124658152e+00
3.337360685384656023e+00
1.039908330077200382e+01
1.709650388469162730e+00
2.316258264329746019e+00
1.767958082767117745e+00
7.231669299910323367e+00
9.416914236192898358e+00
7.624787803043177270e+00
4.168228764679975384e+00
2.885492545342460691e+00
6.358606592409067559e+00
4.223157861610916441e+00
1.496582375801535081e+00
1.398629835594442028e+01
6.897911705949119288e+00
6.610073730275682458e+00
1.771939035837712950e+00
1.398629835594442028e+01
5.760690488794116604e+00
1.039908330077200382e+01
7.624787803043177270e+00
8.678034072570810054e+00
4.786736248424851681e+00
4.018052477870398320e+00
2.204844879275643876e+00
3.069418688761713643e+00
4.473116886549839855e+00
5.319245908954468582e+00
4.786736248424851681e+00
2.339370301369074312e+00
3.972290858234542643e+00
5.195979376524188176e+00
8.678034072570810054e+00
9.416914236192898358e+00
1.513559530932539587e+00
6.897911705949119288e+00
3.459565571344153323e+00
7.624787803043177270e+00
1.356377897000441646e+00
1.081442034779534378e+00
2.684434993822597093e+00
4.473116886549839855e+00
8.678034072570810054e+00
2.048964818631229257e+00
7.624787803043177270e+00
2.348940432796867483e+00
4.700931397034700865e+00
2.139840407142331369e+00
1.209919443460455435e+00
9.416914236192898358e+00
3.665350790092954725e+00
1.964477792996857763e+00
5.938555968349024106e+00
3.022527077779549209e+00
7.624787803043177270e+00
5.195979376524188176e+00
5.195979376524188176e+00
8.678034072570810054e+00
4.341567762109392881e+00
2.041895250132428785e+00
6.358606592409067559e+00
7.231669299910323367e+00
1.398629835594442028e+01
1.179232354874052646e+01
1.505781194502915366e+00
4.065856891298627929e+00
1.179232354874052646e+01
8.678034072570810054e+00
1.822333637510243243e+00
9.416914236192898358e+00
8.678034072570810054e+00
2.657919838858120443e+00
9.416914236192898358e+00
9.416914236192898358e+00
8.678034072570810054e+00
4.473116886549839855e+00
5.195979376524188176e+00
2.649339640162833298e+00
4.405553507134619906e+00
2.684434993822597093e+00
4.341567762109392881e+00
2.311769387157330158e+00
8.678034072570810054e+00
7.624787803043177270e+00
8.678034072570810054e+00
1.621820205008647875e+00
3.211150847236301953e+00
2.125080370540599173e+00
5.938555968349024106e+00
9.416914236192898358e+00
5.319245908954468582e+00
3.513735171890392195e+00
7.624787803043177270e+00
5.453294890550574259e+00
2.624331309851516192e+00
4.168228764679975384e+00
7.624787803043177270e+00
3.314915093660648182e+00
3.769656614340512579e+00
4.168228764679975384e+00
7.231669299910323367e+00
4.544599325704925974e+00
1.398629835594442028e+01
1.179232354874052646e+01
3.037823084271166429e+00
7.231669299910323367e+00
7.231669299910323367e+00
6.897911705949119288e+00
3.571407438589082606e+00
3.230853584175824800e+00
4.168228764679975384e+00
6.897911705949119288e+00
7.624787803043177270e+00
4.341567762109392881e+00
1.179232354874052646e+01
5.599771011072511406e+00
4.878394624674863067e+00
1.174209350618392156e+00
1.087771417159280496e+00
6.897911705949119288e+00
1.156893863495492614e+00
1.234564035288598038e+00
1.629021287532544049e+00
6.610073730275682458e+00
1.039908330077200382e+01
5.082138707842611680e+00
6.610073730275682458e+00
3.769656614340512579e+00
6.897911705949119288e+00
2.950626275468136495e+00
3.928432270049376118e+00
3.069418688761713643e+00
3.928432270049376118e+00
1.398629835594442028e+01
4.168228764679975384e+00
2.051351544139579097e+00
1.902905276531347667e+00
1.314227721708505214e+00
1.724301850039699824e+00
3.769656614340512579e+00
3.632971226107808871e+00
1.039908330077200382e+01
7.231669299910323367e+00
4.878394624674863067e+00
1.398629835594442028e+01
1.179232354874052646e+01
2.873187242288851362e+00
5.082138707842611680e+00
1.398629835594442028e+01
9.416914236192898358e+00
2.616229867989665170e+00
1.398629835594442028e+01
3.136980091804868032e+00
8.678034072570810054e+00
1.398629835594442028e+01
4.223157861610916441e+00
1.981806378664382695e+00
2.285713591526753241e+00
4.473116886549839855e+00
1.964477792996857763e+00
3.069418688761713643e+00
5.453294890550574259e+00
9.416914236192898358e+00
2.527135357484368683e+00
1.933972580638242622e+00
9.416914236192898358e+00
2.421793639372847196e+00
1.361237911528349054e+00
1.983786372907046847e+00
4.168228764679975384e+00
1.985777661638769676e+00
1.688434314328901786e+00
1.605040214366163731e+00
2.684434993822597093e+00
1.399849602818032057e+00
2.261065567282741995e+00
1.179232354874052646e+01
1.706506536766934978e+00
4.700931397034700865e+00
4.223157861610916441e+00
3.408561838594738269e+00
4.280858269067012500e+00
1.398629835594442028e+01
5.453294890550574259e+00
2.513593443840427710e+00
3.698878228091092790e+00
4.786736248424851681e+00
2.649339640162833298e+00
1.179232354874052646e+01
6.136517930958749645e+00
6.136517930958749645e+00
2.068498250266853411e+00
1.101091564311255100e+00
1.085160852172834867e+00
3.173174188550006658e+00
1.906038887822977035e+00
4.223157861610916441e+00
6.358606592409067559e+00
1.156023572551192480e+00
3.007550279977043939e+00
1.179232354874052646e+01
4.405553507134619906e+00
3.119509200577058827e+00
2.325367401599962136e+00
5.760690488794116604e+00
3.173174188550006658e+00
1.179232354874052646e+01
6.358606592409067559e+00
1.490612521588059458e+00
2.097108907371464603e+00
2.222791872560072157e+00
2.253141073238071002e+00
1.964477792996857763e+00
5.599771011072511406e+00
4.280858269067012500e+00
1.039908330077200382e+01
3.191930765070057685e+00
9.416914236192898358e+00
9.416914236192898358e+00
6.358606592409067559e+00
1.603531783062571048e+00
2.849241035599817451e+00
1.356151042617042890e+00
4.700931397034700865e+00
1.179232354874052646e+01
5.760690488794116604e+00
1.179232354874052646e+01
8.678034072570810054e+00
4.115858574785381307e+00
4.280858269067012500e+00
8.096900009026395395e+00
8.096900009026395395e+00
8.678034072570810054e+00
1.741623992704296686e+00
4.405553507134619906e+00
3.053449648393774751e+00
1.958890507294279271e+00
8.678034072570810054e+00
8.678034072570810054e+00
1.263786799098411295e+00
2.161451564789572011e+00
1.565595798818031126e+00
3.845928459108548747e+00
2.450624889800860018e+00
8.096900009026395395e+00
5.599771011072511406e+00
3.807062732691569362e+00
3.698878228091092790e+00
4.878394624674863067e+00
3.360430623882499912e+00
2.751259591213044420e+00
3.459565571344153323e+00
1.398629835594442028e+01
2.389241457164998916e+00
1.426118192657595429e+00
4.223157861610916441e+00
2.721719722625026705e+00
4.341567762109392881e+00
2.230184455565479951e+00
7.624787803043177270e+00
4.341567762109392881e+00
3.807062732691569362e+00
2.741254929226880854e+00
1.179232354874052646e+01
3.271789301742745071e+00
3.601676278092701633e+00
5.082138707842611680e+00
1.138010230816090873e+00
1.062743954777413791e+00
1.720972408847302404e+00
2.792960737629894830e+00
1.494569745127002136e+00
6.897911705949119288e+00
5.938555968349024106e+00
8.678034072570810054e+00
3.459565571344153323e+00
2.506948227443301036e+00
8.096900009026395395e+00
5.195979376524188176e+00
1.398629835594442028e+01
1.398629835594442028e+01
2.616229867989665170e+00
2.363663782473638619e+00
6.358606592409067559e+00
1.398629835594442028e+01
2.577365326119689826e+00
1.914008960036917228e+00
8.678034072570810054e+00
5.319245908954468582e+00
2.161451564789572011e+00
3.632971226107808871e+00
6.610073730275682458e+00
3.136980091804868032e+00
3.191930765070057685e+00
8.678034072570810054e+00
1.039908330077200382e+01
8.096900009026395395e+00
1.771939035837712950e+00
8.678034072570810054e+00
1.179232354874052646e+01
7.624787803043177270e+00
8.678034072570810054e+00
4.223157861610916441e+00
6.358606592409067559e+00
6.610073730275682458e+00
3.337360685384656023e+00
4.976593774190632757e+00
7.231669299910323367e+00
6.358606592409067559e+00
1.179232354874052646e+01
9.416914236192898358e+00
1.398629835594442028e+01
3.665350790092954725e+00
8.096900009026395395e+00
3.459565571344153323e+00
4.700931397034700865e+00
4.700931397034700865e+00
2.898028413325541841e+00
1.320448453951668544e+00
4.620389377369722439e+00
1.769941308432502414e+00
2.950626275468136495e+00
4.223157861610916441e+00
5.082138707842611680e+00
3.211150847236301953e+00
3.191930765070057685e+00
4.405553507134619906e+00
2.837587178760800022e+00
1.837074903544506643e+00
7.624787803043177270e+00
3.337360685384656023e+00
2.048964818631229257e+00
5.453294890550574259e+00
4.786736248424851681e+00
8.678034072570810054e+00
4.065856891298627929e+00
2.898028413325541841e+00
5.599771011072511406e+00
5.599771011072511406e+00
1.398629835594442028e+01
3.384154002867322930e+00
1.917252748664020290e+00
1.444879815360679665e+00
8.096900009026395395e+00
6.610073730275682458e+00
9.416914236192898358e+00
4.473116886549839855e+00
6.897911705949119288e+00
5.760690488794116604e+00
2.541024365102452442e+00
2.792960737629894830e+00
2.577365326119689826e+00
9.416914236192898358e+00
1.179232354874052646e+01
6.610073730275682458e+00
5.599771011072511406e+00
1.039908330077200382e+01
7.231669299910323367e+00
1.179232354874052646e+01
1.398629835594442028e+01
3.360430623882499912e+00
2.456591210813403148e+00
2.136844764772016347e+00
2.649339640162833298e+00
8.096900009026395395e+00
1.398629835594442028e+01
3.698878228091092790e+00
2.923820937566300238e+00
1.398629835594442028e+01
1.662963522855621878e+00
3.733622054698024773e+00
3.665350790092954725e+00
1.398629835594442028e+01
8.678034072570810054e+00
2.056171262239050890e+00
6.897911705949119288e+00
1.039908330077200382e+01
1.474865700520791467e+00
2.076091829084566687e+00
3.972290858234542643e+00
3.102434947113386521e+00
2.923820937566300238e+00
1.539813439635981940e+00
1.398629835594442028e+01
3.191930765070057685e+00
4.115858574785381307e+00
7.624787803043177270e+00
1.421858022990576620e+00
1.039908330077200382e+01
4.115858574785381307e+00
1.345302840264725130e+00
2.023680666525167648e+00
1.730234090467811514e+00
5.195979376524188176e+00
6.897911705949119288e+00
4.700931397034700865e+00
1.622912948248582676e+00
4.620389377369722439e+00
3.360430623882499912e+00
1.179232354874052646e+01
2.731409685221252381e+00
1.815232394394834303e+00
5.599771011072511406e+00
4.018052477870398320e+00
2.684434993822597093e+00
8.096900009026395395e+00
1.398629835594442028e+01
4.544599325704925974e+00
1.039908330077200382e+01
2.978511558928810921e+00
1.179232354874052646e+01
7.231669299910323367e+00
1.398629835594442028e+01
2.964429488561219017e+00
5.599771011072511406e+00
5.760690488794116604e+00
5.319245908954468582e+00
3.173174188550006658e+00
5.082138707842611680e+00
7.624787803043177270e+00
3.807062732691569362e+00
4.168228764679975384e+00
1.398629835594442028e+01
3.337360685384656023e+00
4.878394624674863067e+00
1.039908330077200382e+01
1.398629835594442028e+01
3.886349915492472107e+00
8.096900009026395395e+00
6.610073730275682458e+00
6.358606592409067559e+00
5.195979376524188176e+00
2.389241457164998916e+00
3.085742730838076042e+00
8.678034072570810054e+00
2.136844764772016347e+00
6.897911705949119288e+00
8.096900009026395395e+00
2.527135357484368683e+00
1.039908330077200382e+01
5.599771011072511406e+00
2.171073355924248105e+00
3.022527077779549209e+00
3.665350790092954725e+00
2.041895250132428785e+00
1.786344281516198507e+00
1.671607080334299278e+00
8.096900009026395395e+00
1.398629835594442028e+01
1.575867271383984525e+00
1.261291781981559001e+00
2.468734231955952207e+00
3.928432270049376118e+00
5.195979376524188176e+00
2.222791872560072157e+00
2.541024365102452442e+00
1.536908716161947464e+00
3.698878228091092790e+00
7.624787803043177270e+00
9.416914236192898358e+00
4.405553507134619906e+00
8.096900009026395395e+00
8.096900009026395395e+00
1.179232354874052646e+01
2.632548248018265813e+00
6.610073730275682458e+00
7.624787803043177270e+00
2.468734231955952207e+00
1.474356609944315277e+00
1.384825148910401094e+00
1.405291113468688513e+00
9.416914236192898358e+00
2.632548248018265813e+00
1.386384585258826130e+00
2.792960737629894830e+00
1.821137989676035129e+00
2.021466430468567665e+00
2.363663782473638619e+00
6.136517930958749645e+00
3.337360685384656023e+00
1.867539113835004816e+00
2.249231109365875447e+00
1.398629835594442028e+01
7.231669299910323367e+00
1.594698591557120793e+00
3.337360685384656023e+00
1.915626806140034777e+00
1.485111126215230781e+00
2.269132929873628690e+00
1.398629835594442028e+01
5.082138707842611680e+00
6.610073730275682458e+00
3.486234698203102056e+00
6.610073730275682458e+00
3.486234698203102056e+00
1.531229068565745699e+00
4.700931397034700865e+00
2.910802040512921351e+00
8.096900009026395395e+00
3.053449648393774751e+00
1.873162571141399502e+00
1.398629835594442028e+01
3.928432270049376118e+00
2.513593443840427710e+00
5.760690488794116604e+00
1.881793663900440006e+00
4.473116886549839855e+00
2.078657009067041983e+00
3.069418688761713643e+00
6.610073730275682458e+00
1.423880449966863582e+00
2.368673079661606895e+00
2.731409685221252381e+00
2.721719722625026705e+00
1.448310703926815268e+00
7.231669299910323367e+00
4.786736248424851681e+00
5.599771011072511406e+00
1.179232354874052646e+01
5.760690488794116604e+00
7.231669299910323367e+00
6.897911705949119288e+00
5.195979376524188176e+00
5.760690488794116604e+00
1.179232354874052646e+01
1.179232354874052646e+01
1.039908330077200382e+01
2.910802040512921351e+00
7.624787803043177270e+00
7.624787803043177270e+00
3.230853584175824800e+00
3.173174188550006658e+00
1.960742786359270573e+00
1.842156519960081562e+00
3.251059244529220571e+00
1.134650584934485451e+00
5.082138707842611680e+00
1.765010058730791975e+00
3.886349915492472107e+00
2.520321910585981318e+00
1.190546387366933745e+00
2.110846595824648730e+00
8.678034072570810054e+00
8.096900009026395395e+00
5.453294890550574259e+00
3.360430623882499912e+00
1.398629835594442028e+01
6.136517930958749645e+00
6.358606592409067559e+00
1.750734097684823132e+00
1.143628455765224095e+00
6.136517930958749645e+00
1.398629835594442028e+01
1.947984362959267468e+00
1.806027593512753437e+00
3.698878228091092790e+00
1.675017056972051055e+00
9.416914236192898358e+00
7.231669299910323367e+00
7.231669299910323367e+00
1.733686006842316329e+00
1.085990026203626169e+00
2.885492545342460691e+00
1.098090648727648277e+00
5.599771011072511406e+00
1.179232354874052646e+01
5.599771011072511406e+00
2.399857523051045938e+00
3.271789301742745071e+00
5.195979376524188176e+00
3.513735171890392195e+00
1.179232354874052646e+01
6.136517930958749645e+00
9.416914236192898358e+00
6.897911705949119288e+00
4.700931397034700865e+00
1.039908330077200382e+01
5.599771011072511406e+00
1.039908330077200382e+01
2.421793639372847196e+00
4.341567762109392881e+00
4.700931397034700865e+00
1.915626806140034777e+00
1.613268528111813538e+00
1.968254011865724351e+00
3.632971226107808871e+00
8.096900009026395395e+00
3.433687235784068648e+00
1.039908330077200382e+01
1.179232354874052646e+01
5.319245908954468582e+00
2.091746430803133272e+00
7.624787803043177270e+00
1.398629835594442028e+01
2.334656460882007956e+00
8.096900009026395395e+00
3.698878228091092790e+00
3.972290858234542643e+00
2.427430610782826292e+00
1.179232354874052646e+01
8.096900009026395395e+00
1.179232354874052646e+01
1.179232354874052646e+01
6.358606592409067559e+00
6.358606592409067559e+00
3.698878228091092790e+00
1.578963457225815326e+00
1.803771820229231215e+00
1.456083280953355263e+00
1.855250723105172472e+00
2.761427962779658074e+00
2.506948227443301036e+00
2.792960737629894830e+00
1.398629835594442028e+01
1.766971854106892836e+00
2.675464339656973944e+00
4.620389377369722439e+00
9.416914236192898358e+00
4.786736248424851681e+00
3.337360685384656023e+00
5.082138707842611680e+00
3.085742730838076042e+00
2.427430610782826292e+00
2.044236829223658347e+00
1.808301299645871385e+00
5.319245908954468582e+00
1.179232354874052646e+01
6.358606592409067559e+00
2.481166935347186797e+00
3.251059244529220571e+00
2.849241035599817451e+00
3.601676278092701633e+00
1.066887238181187136e+00
4.341567762109392881e+00
1.677086607123217554e+00
6.897911705949119288e+00
1.707288818082977278e+00
5.599771011072511406e+00
1.179232354874052646e+01
1.979837573903036496e+00
1.398629835594442028e+01
9.416914236192898358e+00
9.416914236192898358e+00
4.018052477870398320e+00
3.845928459108548747e+00
3.085742730838076042e+00
2.792960737629894830e+00
3.191930765070057685e+00
1.398629835594442028e+01
2.898028413325541841e+00
8.096900009026395395e+00
3.571407438589082606e+00
4.473116886549839855e+00
1.398629835594442028e+01
2.208374860764457104e+00
2.640883416478467360e+00
4.405553507134619906e+00
2.731409685221252381e+00
3.408561838594738269e+00
1.774963201939687263e+00
2.230184455565479951e+00
1.179232354874052646e+01
1.179232354874052646e+01
1.179232354874052646e+01
3.571407438589082606e+00
1.039908330077200382e+01
7.624787803043177270e+00
5.453294890550574259e+00
3.085742730838076042e+00
1.180179997462424746e+00
1.920529191245013978e+00
3.698878228091092790e+00
7.624787803043177270e+00
5.453294890550574259e+00
1.398629835594442028e+01
1.460464843687939052e+00
1.855250723105172472e+00
4.786736248424851681e+00
1.349959894901916702e+00
3.293066527421812495e+00
1.726827555835738659e+00
5.082138707842611680e+00
2.325367401599962136e+00
1.398629835594442028e+01
4.878394624674863067e+00
6.136517930958749645e+00
1.498325979265219265e+00
5.319245908954468582e+00
5.938555968349024106e+00
1.222054726139591319e+00
2.608241275667662507e+00
6.358606592409067559e+00
1.870338043093809466e+00
1.179232354874052646e+01
1.039908330077200382e+01
1.398629835594442028e+01
4.878394624674863067e+00
5.938555968349024106e+00
2.145899026308645485e+00
5.082138707842611680e+00
1.179232354874052646e+01
1.364462572128728235e+00
1.039908330077200382e+01
9.416914236192898358e+00
8.096900009026395395e+00
3.845928459108548747e+00
3.698878228091092790e+00
1.039908330077200382e+01
8.678034072570810054e+00
3.632971226107808871e+00
8.678034072570810054e+00
3.271789301742745071e+00
3.486234698203102056e+00
1.179232354874052646e+01
3.433687235784068648e+00
1.039908330077200382e+01
5.938555968349024106e+00
4.786736248424851681e+00
1.398629835594442028e+01
3.293066527421812495e+00
9.416914236192898358e+00
4.280858269067012500e+00
3.085742730838076042e+00
1.958890507294279271e+00
4.280858269067012500e+00
5.453294890550574259e+00
1.482691607757552488e+00
1.975933119542045091e+00
2.116478940955882848e+00
4.168228764679975384e+00
3.053449648393774751e+00
1.398629835594442028e+01
1.398629835594442028e+01
6.897911705949119288e+00
4.115858574785381307e+00
3.542110502930233107e+00
6.897911705949119288e+00
1.398629835594442028e+01
5.938555968349024106e+00
2.167841182847693560e+00
5.082138707842611680e+00
6.136517930958749645e+00
1.179232354874052646e+01
5.319245908954468582e+00
1.179232354874052646e+01
6.897911705949119288e+00
5.082138707842611680e+00
8.678034072570810054e+00
1.398629835594442028e+01
9.416914236192898358e+00
4.018052477870398320e+00
6.610073730275682458e+00
8.096900009026395395e+00
4.620389377369722439e+00
6.610073730275682458e+00
1.179232354874052646e+01
4.976593774190632757e+00
3.928432270049376118e+00
6.358606592409067559e+00
3.632971226107808871e+00
1.873162571141399502e+00
3.408561838594738269e+00
1.361237911528349054e+00
1.300615302105850857e+00
2.771764498081669359e+00
1.179232354874052646e+01
4.473116886549839855e+00
7.624787803043177270e+00
5.082138707842611680e+00
1.398629835594442028e+01
2.048964818631229257e+00
3.136980091804868032e+00
4.786736248424851681e+00
2.675464339656973944e+00
1.449398238012739260e+00
3.154863010022843639e+00
4.878394624674863067e+00
1.398629835594442028e+01
1.179232354874052646e+01
3.136980091804868032e+00
2.006335862824390581e+00
4.065856891298627929e+00
2.353798308609992951e+00
3.632971226107808871e+00
1.039908330077200382e+01
1.124347165531258019e+00
3.337360685384656023e+00
7.231669299910323367e+00
7.624787803043177270e+00
5.938555968349024106e+00
1.179232354874052646e+01
1.398629835594442028e+01
2.191010190989294504e+00
1.179232354874052646e+01
1.039908330077200382e+01
1.398629835594442028e+01
2.693542336525760028e+00
5.760690488794116604e+00
1.398629835594442028e+01
1.179232354874052646e+01
4.168228764679975384e+00
1.355360245544231290e+00
4.620389377369722439e+00
4.223157861610916441e+00
3.408561838594738269e+00
9.416914236192898358e+00
3.384154002867322930e+00
2.444726932093984395e+00
4.878394624674863067e+00
6.897911705949119288e+00
1.039908330077200382e+01
1.887683046514199381e+00
5.082138707842611680e+00
4.786736248424851681e+00
1.039908330077200382e+01
8.678034072570810054e+00
1.772943392352517522e+00
1.398629835594442028e+01
1.540914181609344791e+00
4.473116886549839855e+00
1.179232354874052646e+01
1.398629835594442028e+01
1.122662874960344448e+00
5.760690488794116604e+00
1.227313182089675658e+00
1.421858022990576620e+00
1.258493981920951743e+00
6.358606592409067559e+00
3.102434947113386521e+00
9.416914236192898358e+00
1.179232354874052646e+01
1.039908330077200382e+01
7.624787803043177270e+00
5.319245908954468582e+00
4.700931397034700865e+00
1.039908330077200382e+01
5.453294890550574259e+00
4.878394624674863067e+00
1.179232354874052646e+01
2.950626275468136495e+00
1.179232354874052646e+01
1.039908330077200382e+01
2.373734583566903922e+00
3.053449648393774751e+00
1.398629835594442028e+01
2.139840407142331369e+00
3.085742730838076042e+00
4.786736248424851681e+00
9.416914236192898358e+00
9.416914236192898358e+00
3.136980091804868032e+00
1.445304632308114234e+00
1.409764080878468606e+00
1.995907295605942933e+00
2.541024365102452442e+00
1.039908330077200382e+01
4.115858574785381307e+00
2.731409685221252381e+00
4.700931397034700865e+00
1.039908330077200382e+01
4.878394624674863067e+00
7.624787803043177270e+00
1.887683046514199381e+00
5.195979376524188176e+00
2.837587178760800022e+00
3.928432270049376118e+00
5.938555968349024106e+00
3.154863010022843639e+00
3.513735171890392195e+00
6.897911705949119288e+00
1.398629835594442028e+01
1.844730138050878709e+00
1.480833100375747335e+00
2.444726932093984395e+00
8.096900009026395395e+00
1.355135210973995363e+00
3.053449648393774751e+00
7.624787803043177270e+00
3.886349915492472107e+00
3.769656614340512579e+00
1.337654734648934474e+00
3.007550279977043939e+00
1.039908330077200382e+01
1.166064488083891515e+00
5.319245908954468582e+00
5.195979376524188176e+00
5.195979376524188176e+00
3.007550279977043939e+00
1.179232354874052646e+01
1.398629835594442028e+01
4.280858269067012500e+00
4.976593774190632757e+00
1.039908330077200382e+01
4.620389377369722439e+00
7.624787803043177270e+00
4.700931397034700865e+00
9.416914236192898358e+00
8.678034072570810054e+00
2.462627208582242488e+00
1.039908330077200382e+01
1.398629835594442028e+01
4.341567762109392881e+00
6.610073730275682458e+00
2.534035564788753359e+00
1.398629835594442028e+01
5.453294890550574259e+00
5.082138707842611680e+00
6.610073730275682458e+00
5.082138707842611680e+00
3.632971226107808871e+00
3.293066527421812495e+00
6.897911705949119288e+00
8.678034072570810054e+00
9.416914236192898358e+00
4.405553507134619906e+00
1.398629835594442028e+01
2.923820937566300238e+00
4.223157861610916441e+00
3.542110502930233107e+00
4.280858269067012500e+00
2.462627208582242488e+00
1.179232354874052646e+01
7.231669299910323367e+00
5.599771011072511406e+00
8.096900009026395395e+00
8.678034072570810054e+00
8.678034072570810054e+00
3.069418688761713643e+00
1.179232354874052646e+01
2.873187242288851362e+00
2.368673079661606895e+00
5.082138707842611680e+00
2.030405408476923856e+00
5.453294890550574259e+00
1.398629835594442028e+01
1.266250253712458917e+00
3.733622054698024773e+00
1.825950231189571671e+00
1.179232354874052646e+01
1.039908330077200382e+01
3.085742730838076042e+00
4.620389377369722439e+00
1.500677844191710797e+00
4.700931397034700865e+00
5.082138707842611680e+00
3.632971226107808871e+00
4.115858574785381307e+00
3.769656614340512579e+00
4.976593774190632757e+00
2.421793639372847196e+00
9.416914236192898358e+00
1.398629835594442028e+01
1.039908330077200382e+01
2.006335862824390581e+00
2.329989077118142404e+00
4.544599325704925974e+00
5.938555968349024106e+00
1.039908330077200382e+01
1.398629835594442028e+01
2.073543766897996576e+00
8.678034072570810054e+00
6.358606592409067559e+00
1.439664204179250007e+00
1.398629835594442028e+01
1.957048257173170214e+00
2.433131022740910421e+00
1.583925075038217223e+00
1.039908330077200382e+01
3.542110502930233107e+00
3.972290858234542643e+00
8.678034072570810054e+00
9.416914236192898358e+00
1.398629835594442028e+01
1.039908330077200382e+01
3.513735171890392195e+00
1.728525211953259255e+00
4.976593774190632757e+00
3.513735171890392195e+00
1.955215946973757557e+00
2.624331309851516192e+00
1.958890507294279271e+00
4.786736248424851681e+00
6.358606592409067559e+00
1.179232354874052646e+01
1.346032057149959549e+00
3.632971226107808871e+00
1.398629835594442028e+01
3.513735171890392195e+00
4.544599325704925974e+00
1.247643780373971945e+00
2.978511558928810921e+00
9.416914236192898358e+00
1.398629835594442028e+01
1.179232354874052646e+01
1.398629835594442028e+01
8.678034072570810054e+00
1.179232354874052646e+01
1.398629835594442028e+01
3.807062732691569362e+00
2.083839485416548065e+00
8.678034072570810054e+00
5.453294890550574259e+00
9.416914236192898358e+00
2.950626275468136495e+00
1.398629835594442028e+01
1.398629835594442028e+01
4.700931397034700865e+00
4.065856891298627929e+00
2.462627208582242488e+00
4.280858269067012500e+00
1.525715549202222743e+00
2.937092949591392887e+00
2.456591210813403148e+00
1.398629835594442028e+01
5.760690488794116604e+00
8.678034072570810054e+00
4.878394624674863067e+00
1.398629835594442028e+01
1.667578508610195742e+00
1.089454761717160824e+00
5.599771011072511406e+00
5.195979376524188176e+00
1.179232354874052646e+01
7.231669299910323367e+00
1.179232354874052646e+01
1.039908330077200382e+01
3.037823084271166429e+00
2.500384580221138187e+00
2.281511280254920671e+00
3.698878228091092790e+00
3.069418688761713643e+00
3.251059244529220571e+00
2.712181052790382907e+00
2.277347448405974362e+00
1.179232354874052646e+01
1.179232354874052646e+01
1.435015072619322485e+00
5.760690488794116604e+00
5.195979376524188176e+00
7.231669299910323367e+00
2.167841182847693560e+00
2.992881877159055737e+00
1.577630787915871746e+00
1.179232354874052646e+01
3.119509200577058827e+00
3.769656614340512579e+00
2.632548248018265813e+00
2.782273821805790082e+00
1.749808874729679831e+00
1.643555914542631502e+00
1.661013018447326406e+00
1.366904181599150281e+00
2.487495501406502996e+00
1.039908330077200382e+01
1.398629835594442028e+01
7.231669299910323367e+00
5.453294890550574259e+00
5.938555968349024106e+00
2.044236829223658347e+00
3.807062732691569362e+00
1.179232354874052646e+01
5.195979376524188176e+00
1.039908330077200382e+01
3.384154002867322930e+00
5.195979376524188176e+00
8.096900009026395395e+00
2.148962559320569898e+00
2.257085722832981478e+00
1.527421162745468353e+00
1.179232354874052646e+01
7.624787803043177270e+00
4.168228764679975384e+00
1.398629835594442028e+01
1.920529191245013978e+00
1.718503447793408911e+00
1.849944559679963074e+00
6.136517930958749645e+00
6.358606592409067559e+00
9.416914236192898358e+00
7.231669299910323367e+00
7.624787803043177270e+00
4.544599325704925974e+00
5.319245908954468582e+00
4.341567762109392881e+00
3.513735171890392195e+00
7.624787803043177270e+00
3.384154002867322930e+00
1.522684233623617711e+00
3.698878228091092790e+00
1.853915436416645690e+00
2.056171262239050890e+00
2.702789828280608209e+00
1.710442529738738893e+00
2.285713591526753241e+00
1.543134773222091471e+00
4.786736248424851681e+00
4.786736248424851681e+00
4.065856891298627929e+00
2.885492545342460691e+00
6.136517930958749645e+00
8.678034072570810054e+00
5.453294890550574259e+00
2.548103645368455794e+00
9.416914236192898358e+00
4.405553507134619906e+00
1.398629835594442028e+01
6.897911705949119288e+00
4.620389377369722439e+00
2.139840407142331369e+00
9.416914236192898358e+00
4.878394624674863067e+00
3.769656614340512579e+00
5.319245908954468582e+00
5.599771011072511406e+00
2.211934144629770671e+00
7.231669299910323367e+00
3.845928459108548747e+00
3.119509200577058827e+00
1.179232354874052646e+01
4.223157861610916441e+00
1.398629835594442028e+01
7.624787803043177270e+00
1.575428758304390664e+00
3.433687235784068648e+00
4.341567762109392881e+00
1.179232354874052646e+01
1.179232354874052646e+01
5.082138707842611680e+00
1.398629835594442028e+01
8.096900009026395395e+00
6.358606592409067559e+00
3.384154002867322930e+00
1.815232394394834303e+00
4.018052477870398320e+00
2.541024365102452442e+00
2.091746430803133272e+00
3.251059244529220571e+00
4.878394624674863067e+00
5.319245908954468582e+00
2.898028413325541841e+00
8.678034072570810054e+00
2.782273821805790082e+00
5.938555968349024106e+00
1.179232354874052646e+01
1.398629835594442028e+01
5.760690488794116604e+00
7.624787803043177270e+00
2.450624889800860018e+00
1.398629835594442028e+01
1.179232354874052646e+01
4.018052477870398320e+00
6.897911705949119288e+00
1.958890507294279271e+00
1.787402424534638046e+00
5.599771011072511406e+00
4.341567762109392881e+00
1.398629835594442028e+01
1.039908330077200382e+01
2.061053771792161093e+00
1.179232354874052646e+01
6.610073730275682458e+00
5.453294890550574259e+00
5.195979376524188176e+00
2.992881877159055737e+00
7.624787803043177270e+00
4.878394624674863067e+00
2.389241457164998916e+00
2.004225538955430430e+00
1.601536932229286503e+00
3.698878228091092790e+00
5.599771011072511406e+00
2.487495501406502996e+00
3.053449648393774751e+00
8.678034072570810054e+00
2.649339640162833298e+00
1.472084590210319677e+00
9.416914236192898358e+00
1.179232354874052646e+01
1.398629835594442028e+01
7.231669299910323367e+00
3.928432270049376118e+00
4.018052477870398320e+00
2.222791872560072157e+00
4.115858574785381307e+00
3.173174188550006658e+00
1.179232354874052646e+01
2.712181052790382907e+00
3.173174188550006658e+00
1.398629835594442028e+01
4.620389377369722439e+00
1.179232354874052646e+01
3.571407438589082606e+00
1.517414773732027600e+00
2.684434993822597093e+00
1.957048257173170214e+00
3.928432270049376118e+00
4.544599325704925974e+00
3.733622054698024773e+00
2.675464339656973944e+00
4.223157861610916441e+00
2.099818125488933873e+00
4.700931397034700865e+00
5.319245908954468582e+00
4.405553507134619906e+00
1.398629835594442028e+01
5.938555968349024106e+00
5.938555968349024106e+00
7.231669299910323367e+00
1.550339811507596366e+00
1.753529188911521652e+00
5.938555968349024106e+00
3.337360685384656023e+00
3.119509200577058827e+00
1.680575944480170447e+00
8.096900009026395395e+00
8.096900009026395395e+00
1.179232354874052646e+01
5.599771011072511406e+00
3.069418688761713643e+00
1.413859007932086964e+00
1.039908330077200382e+01
7.624787803043177270e+00
8.096900009026395395e+00
2.012742603691572540e+00
2.731409685221252381e+00
1.039908330077200382e+01
2.311769387157330158e+00
1.918886854483606852e+00
5.938555968349024106e+00
3.119509200577058827e+00
3.928432270049376118e+00
8.096900009026395395e+00
3.886349915492472107e+00
4.786736248424851681e+00
6.610073730275682458e+00
3.085742730838076042e+00
3.037823084271166429e+00
2.171073355924248105e+00
5.453294890550574259e+00
3.733622054698024773e+00
5.082138707842611680e+00
4.620389377369722439e+00
1.619650830355966464e+00
5.082138707842611680e+00
5.760690488794116604e+00
8.678034072570810054e+00
8.096900009026395395e+00
3.886349915492472107e+00
1.455628870641512806e+00
2.158293491526126928e+00
1.268370405904041265e+00
1.039908330077200382e+01
6.358606592409067559e+00
1.907617228716547819e+00
1.398629835594442028e+01
7.624787803043177270e+00
6.610073730275682458e+00
1.179232354874052646e+01
1.179232354874052646e+01
4.976593774190632757e+00
3.119509200577058827e+00
5.195979376524188176e+00
4.168228764679975384e+00
7.624787803043177270e+00
6.610073730275682458e+00
1.392209065734838269e+00
1.398629835594442028e+01
6.610073730275682458e+00
1.039908330077200382e+01
1.398629835594442028e+01
3.037823084271166429e+00
2.063518995909134013e+00
1.179232354874052646e+01
3.972290858234542643e+00
2.110846595824648730e+00
9.416914236192898358e+00
1.039908330077200382e+01
5.195979376524188176e+00
1.528452045627255229e+00
1.395977408720318280e+00
2.861105609394871685e+00
1.179232354874052646e+01
6.358606592409067559e+00
2.964429488561219017e+00
3.337360685384656023e+00
1.526395927212831127e+00
6.897911705949119288e+00
1.398629835594442028e+01
3.459565571344153323e+00
5.453294890550574259e+00
2.155159499064206230e+00
5.195979376524188176e+00
2.600362969809127289e+00
7.624787803043177270e+00
8.678034072570810054e+00
3.271789301742745071e+00
8.096900009026395395e+00
2.600362969809127289e+00
1.179232354874052646e+01
1.179232354874052646e+01
2.187620944445400450e+00
4.115858574785381307e+00
2.751259591213044420e+00
9.416914236192898358e+00
1.398629835594442028e+01
1.039908330077200382e+01
2.068498250266853411e+00
6.136517930958749645e+00
2.608241275667662507e+00
5.453294890550574259e+00
2.174330866618579439e+00
6.610073730275682458e+00
2.456591210813403148e+00
1.878889981653467878e+00
2.792960737629894830e+00
2.885492545342460691e+00
1.871747083242710108e+00
6.610073730275682458e+00
5.760690488794116604e+00
1.640573338454888619e+00
2.171073355924248105e+00
1.398629835594442028e+01
7.624787803043177270e+00
1.179232354874052646e+01
1.398629835594442028e+01
2.534035564788753359e+00
4.620389377369722439e+00
3.928432270049376118e+00
6.358606592409067559e+00
2.923820937566300238e+00
4.280858269067012500e+00
8.096900009026395395e+00
1.537269398710406687e+00
6.897911705949119288e+00
3.972290858234542643e+00
1.398629835594442028e+01
2.450624889800860018e+00
3.769656614340512579e+00
2.046593299907525143e+00
2.649339640162833298e+00
4.544599325704925974e+00
5.082138707842611680e+00
2.978511558928810921e+00
5.195979376524188176e+00
2.421793639372847196e+00
1.039908330077200382e+01
3.886349915492472107e+00
3.665350790092954725e+00
2.384017838084120822e+00
2.139840407142331369e+00
1.039908330077200382e+01
1.398629835594442028e+01
8.096900009026395395e+00
1.179232354874052646e+01
3.665350790092954725e+00
1.484570502775433454e+00
2.076091829084566687e+00
5.082138707842611680e+00
1.818761320172789242e+00
1.318198927374453655e+00
2.803830237199933517e+00
3.632971226107808871e+00
2.950626275468136495e+00
3.251059244529220571e+00
3.408561838594738269e+00
3.211150847236301953e+00
4.168228764679975384e+00
6.358606592409067559e+00
4.544599325704925974e+00
2.666627031328418163e+00
1.398629835594442028e+01
5.938555968349024106e+00
3.807062732691569362e+00
6.358606592409067559e+00
2.950626275468136495e+00
3.173174188550006658e+00
8.678034072570810054e+00
2.803830237199933517e+00
4.065856891298627929e+00
2.389241457164998916e+00
4.544599325704925974e+00
1.039908330077200382e+01
1.179232354874052646e+01
5.195979376524188176e+00
8.096900009026395395e+00
3.293066527421812495e+00
2.898028413325541841e+00
5.760690488794116604e+00
1.993857910295951941e+00
4.280858269067012500e+00
6.358606592409067559e+00
3.069418688761713643e+00
3.459565571344153323e+00
2.158293491526126928e+00
5.760690488794116604e+00
5.938555968349024106e+00
5.760690488794116604e+00
5.082138707842611680e+00
4.786736248424851681e+00
1.587609701347523439e+00
1.725982898375475028e+00
3.698878228091092790e+00
8.096900009026395395e+00
1.398629835594442028e+01
2.873187242288851362e+00
3.459565571344153323e+00
6.897911705949119288e+00
3.807062732691569362e+00
8.096900009026395395e+00
1.179232354874052646e+01
1.871747083242710108e+00
2.950626275468136495e+00
8.096900009026395395e+00
1.794923486933961421e+00
1.398629835594442028e+01
1.951580795715425420e+00
8.678034072570810054e+00
8.096900009026395395e+00
3.571407438589082606e+00
1.179232354874052646e+01
5.319245908954468582e+00
5.938555968349024106e+00
2.091746430803133272e+00
4.620389377369722439e+00
4.878394624674863067e+00
2.119325454728119507e+00
1.951580795715425420e+00
3.085742730838076042e+00
3.360430623882499912e+00
2.142858402411555119e+00
2.937092949591392887e+00
3.230853584175824800e+00
1.039908330077200382e+01
1.039908330077200382e+01
4.405553507134619906e+00
3.486234698203102056e+00
1.398629835594442028e+01
7.624787803043177270e+00
1.039908330077200382e+01
1.149010908492627880e+00
2.294236019074040289e+00
4.878394624674863067e+00
1.962605184504187195e+00
2.741254929226880854e+00
2.433131022740910421e+00
4.280858269067012500e+00
1.312725041592888608e+00
1.279504333066156629e+00
1.179232354874052646e+01
4.405553507134619906e+00
1.398629835594442028e+01
1.486197491753651567e+00
3.632971226107808871e+00
4.168228764679975384e+00
1.179232354874052646e+01
1.179232354874052646e+01
7.231669299910323367e+00
6.358606592409067559e+00
3.069418688761713643e+00
2.421793639372847196e+00
4.168228764679975384e+00
1.398629835594442028e+01
1.398629835594442028e+01
2.782273821805790082e+00
1.547654108818729668e+00
6.358606592409067559e+00
3.102434947113386521e+00
8.096900009026395395e+00
9.416914236192898358e+00
1.179232354874052646e+01
1.179232354874052646e+01
2.527135357484368683e+00
2.493900867892873130e+00
1.896728629978438718e+00
4.280858269067012500e+00
3.314915093660648182e+00
7.231669299910323367e+00
1.039908330077200382e+01
7.624787803043177270e+00
4.065856891298627929e+00
3.513735171890392195e+00
6.897911705949119288e+00
9.416914236192898358e+00
1.398629835594442028e+01
1.039908330077200382e+01
4.878394624674863067e+00
4.223157861610916441e+00
8.678034072570810054e+00
1.828386339972959185e+00
9.416914236192898358e+00
4.700931397034700865e+00
5.599771011072511406e+00
5.319245908954468582e+00
2.741254929226880854e+00
8.096900009026395395e+00
1.398629835594442028e+01
1.663617303851045781e+00
5.599771011072511406e+00
5.938555968349024106e+00
1.179232354874052646e+01
4.473116886549839855e+00
1.398629835594442028e+01
1.179232354874052646e+01
4.065856891298627929e+00
6.897911705949119288e+00
4.223157861610916441e+00
4.786736248424851681e+00
6.897911705949119288e+00
5.082138707842611680e+00
1.327296860756862484e+00
3.665350790092954725e+00
3.173174188550006658e+00
5.319245908954468582e+00
2.712181052790382907e+00
3.085742730838076042e+00
1.618037727049544738e+00
5.319245908954468582e+00
1.828386339972959185e+00
2.964429488561219017e+00
4.065856891298627929e+00
2.427430610782826292e+00
4.168228764679975384e+00
8.678034072570810054e+00
1.398629835594442028e+01
4.473116886549839855e+00
4.018052477870398320e+00
2.249231109365875447e+00
2.500384580221138187e+00
1.718503447793408911e+00
2.577365326119689826e+00
1.179232354874052646e+01
1.306538870453806123e+00
1.454273257934120878e+00
1.179232354874052646e+01
3.408561838594738269e+00
1.925506275456442706e+00
3.513735171890392195e+00
2.108060293842117350e+00
1.039908330077200382e+01
8.096900009026395395e+00
4.223157861610916441e+00
2.506948227443301036e+00
1.398629835594442028e+01
1.428008621294987179e+00
2.761427962779658074e+00
1.657797817767042936e+00
8.678034072570810054e+00
1.571954208657214469e+00
1.821137989676035129e+00
4.280858269067012500e+00
3.928432270049376118e+00
1.398629835594442028e+01
1.179232354874052646e+01
6.136517930958749645e+00
3.972290858234542643e+00
1.398629835594442028e+01
5.760690488794116604e+00
2.316258264329746019e+00
1.928866762260708967e+00
1.179232354874052646e+01
4.976593774190632757e+00
2.898028413325541841e+00
2.399857523051045938e+00
5.453294890550574259e+00
2.148962559320569898e+00
5.319245908954468582e+00
1.471084602732139812e+00
1.398629835594442028e+01
1.398629835594442028e+01
8.096900009026395395e+00
1.179232354874052646e+01
4.976593774190632757e+00
1.398629835594442028e+01
2.493900867892873130e+00
3.007550279977043939e+00
5.319245908954468582e+00
4.976593774190632757e+00
4.280858269067012500e+00
1.478733593172086414e+00
2.771764498081669359e+00
9.416914236192898358e+00
5.760690488794116604e+00
2.316258264329746019e+00
5.938555968349024106e+00
7.624787803043177270e+00
1.750734097684823132e+00
3.085742730838076042e+00
1.840877971091763765e+00
1.179232354874052646e+01
3.542110502930233107e+00
2.702789828280608209e+00
1.462345519259397264e+00
1.862016541615383325e+00
1.973997266609169410e+00
1.811745999817073960e+00
4.473116886549839855e+00
3.486234698203102056e+00
3.733622054698024773e+00
1.398629835594442028e+01
1.179232354874052646e+01
4.341567762109392881e+00
7.624787803043177270e+00
5.938555968349024106e+00
3.384154002867322930e+00
4.544599325704925974e+00
5.760690488794116604e+00
5.760690488794116604e+00
4.018052477870398320e+00
9.416914236192898358e+00
6.610073730275682458e+00
5.453294890550574259e+00
3.733622054698024773e+00
3.360430623882499912e+00
2.487495501406502996e+00
2.910802040512921351e+00
1.039908330077200382e+01
9.416914236192898358e+00
8.678034072570810054e+00
5.760690488794116604e+00
5.760690488794116604e+00
2.937092949591392887e+00
6.610073730275682458e+00
3.102434947113386521e+00
8.678034072570810054e+00
7.624787803043177270e+00
1.398629835594442028e+01
5.938555968349024106e+00
3.173174188550006658e+00
1.179232354874052646e+01
1.179232354874052646e+01
4.473116886549839855e+00
2.937092949591392887e+00
8.096900009026395395e+00
4.544599325704925974e+00
1.398629835594442028e+01
2.197871251686610794e+00
2.577365326119689826e+00
2.261065567282741995e+00
1.960742786359270573e+00
2.849241035599817451e+00
4.115858574785381307e+00
2.577365326119689826e+00
1.693570196418056062e+00
1.459300314543582333e+00
2.187620944445400450e+00
2.649339640162833298e+00
2.885492545342460691e+00
3.486234698203102056e+00
2.091746430803133272e+00
3.698878228091092790e+00
3.314915093660648182e+00
2.125080370540599173e+00
3.314915093660648182e+00
1.179232354874052646e+01
4.341567762109392881e+00
4.341567762109392881e+00
4.700931397034700865e+00
2.616229867989665170e+00
2.237704392145309029e+00
1.789530803650847268e+00
1.711237167971968898e+00
1.631284699814636863e+00
8.678034072570810054e+00
1.584382094254920492e+00
3.360430623882499912e+00
4.168228764679975384e+00
2.368673079661606895e+00
6.897911705949119288e+00
1.398629835594442028e+01
1.179232354874052646e+01
3.173174188550006658e+00
8.678034072570810054e+00
4.976593774190632757e+00
1.839604877463098420e+00
4.168228764679975384e+00
1.949777782024877837e+00
1.883255678433888081e+00
3.698878228091092790e+00
3.486234698203102056e+00
3.154863010022843639e+00
4.878394624674863067e+00
5.760690488794116604e+00
1.294405278489100031e+00
4.544599325704925974e+00
1.268013742747894801e+00
1.448744826787091267e+00
3.007550279977043939e+00
8.678034072570810054e+00
6.897911705949119288e+00
2.910802040512921351e+00
7.231669299910323367e+00
5.082138707842611680e+00
2.569904094831461983e+00
2.712181052790382907e+00
1.465207555299379072e+00
1.179232354874052646e+01
1.179232354874052646e+01
2.978511558928810921e+00
4.065856891298627929e+00
3.211150847236301953e+00
2.325367401599962136e+00
1.417360939820548671e+00
1.325260621504850578e+00
2.792960737629894830e+00
5.760690488794116604e+00
2.520321910585981318e+00
5.938555968349024106e+00
9.416914236192898358e+00
1.490054459535431475e+00
8.678034072570810054e+00
2.506948227443301036e+00
1.621820205008647875e+00
1.748886858071036832e+00
1.925506275456442706e+00
1.906038887822977035e+00
2.194426837954386755e+00
1.185816961998602759e+00
4.223157861610916441e+00
1.398629835594442028e+01
2.992881877159055737e+00
2.329989077118142404e+00
6.136517930958749645e+00
4.065856891298627929e+00
8.096900009026395395e+00
4.473116886549839855e+00
4.223157861610916441e+00
2.044236829223658347e+00
5.938555968349024106e+00
1.398629835594442028e+01
7.624787803043177270e+00
2.885492545342460691e+00
1.398629835594442028e+01
1.179232354874052646e+01
1.201595747576974293e+00
1.766971854106892836e+00
1.044364051616342381e+00
1.960742786359270573e+00
7.624787803043177270e+00
1.273293201883348047e+00
4.544599325704925974e+00
4.065856891298627929e+00
2.249231109365875447e+00
1.812903457783741734e+00
4.405553507134619906e+00
2.311769387157330158e+00
1.946200454808623581e+00
2.194426837954386755e+00
2.751259591213044420e+00
6.897911705949119288e+00
7.231669299910323367e+00
8.678034072570810054e+00
3.769656614340512579e+00
6.136517930958749645e+00
1.398629835594442028e+01
6.358606592409067559e+00
1.398629835594442028e+01
1.398629835594442028e+01
7.624787803043177270e+00
1.179232354874052646e+01
1.398629835594442028e+01
3.733622054698024773e+00
1.711237167971968898e+00
3.665350790092954725e+00
1.179232354874052646e+01
3.928432270049376118e+00
1.398629835594442028e+01
2.885492545342460691e+00
8.096900009026395395e+00
4.405553507134619906e+00
1.973997266609169410e+00
1.420585098457990636e+00
5.599771011072511406e+00
8.096900009026395395e+00
1.179232354874052646e+01
1.398629835594442028e+01
2.849241035599817451e+00
1.398629835594442028e+01
8.096900009026395395e+00
8.096900009026395395e+00
2.761427962779658074e+00
4.878394624674863067e+00
7.624787803043177270e+00
1.398629835594442028e+01
2.105293598154510004e+00
4.065856891298627929e+00
1.179232354874052646e+01
2.741254929226880854e+00
1.977879854969469831e+00
1.957048257173170214e+00
8.096900009026395395e+00
2.226472467437354830e+00
1.763062339452765581e+00
1.039908330077200382e+01
2.731409685221252381e+00
6.136517930958749645e+00
2.051351544139579097e+00
2.325367401599962136e+00
2.014903856650893665e+00
1.039908330077200382e+01
3.665350790092954725e+00
3.601676278092701633e+00
3.972290858234542643e+00
6.358606592409067559e+00
1.179232354874052646e+01
1.179232354874052646e+01
5.760690488794116604e+00
1.217689231669230709e+00
1.799313150312622289e+00
1.310009180916312577e+00
1.179232354874052646e+01
6.897911705949119288e+00
3.433687235784068648e+00
1.398629835594442028e+01
1.730234090467811514e+00
5.195979376524188176e+00
3.053449648393774751e+00
3.886349915492472107e+00
4.223157861610916441e+00
4.341567762109392881e+00
3.085742730838076042e+00
3.211150847236301953e+00
5.599771011072511406e+00
9.416914236192898358e+00
6.358606592409067559e+00
1.398629835594442028e+01
1.398629835594442028e+01
9.416914236192898358e+00
2.039568408441795544e+00
5.453294890550574259e+00
1.797109802985564997e+00
5.195979376524188176e+00
4.473116886549839855e+00
2.230184455565479951e+00
1.923838832104473706e+00
1.179232354874052646e+01
6.136517930958749645e+00
4.223157861610916441e+00
1.039908330077200382e+01
4.976593774190632757e+00
2.474913666413131708e+00
3.601676278092701633e+00
1.794923486933961421e+00
3.886349915492472107e+00
7.624787803043177270e+00
2.600362969809127289e+00
4.786736248424851681e+00
2.032674798815480521e+00
5.453294890550574259e+00
2.849241035599817451e+00
1.825950231189571671e+00
1.179232354874052646e+01
1.051060656537126103e+00
6.897911705949119288e+00
1.592308927687229092e+00
1.337071092051658194e+00
3.384154002867322930e+00
7.231669299910323367e+00
1.729378240793684185e+00
1.039908330077200382e+01
3.173174188550006658e+00
4.473116886549839855e+00
4.341567762109392881e+00
8.096900009026395395e+00
2.978511558928810921e+00
3.928432270049376118e+00
2.992881877159055737e+00
1.039908330077200382e+01
9.416914236192898358e+00
1.039908330077200382e+01
2.632548248018265813e+00
6.358606592409067559e+00
1.398629835594442028e+01
5.760690488794116604e+00
8.678034072570810054e+00
2.348940432796867483e+00
9.416914236192898358e+00
4.786736248424851681e+00
9.416914236192898358e+00
3.053449648393774751e+00
1.179232354874052646e+01
2.569904094831461983e+00
2.666627031328418163e+00
6.897911705949119288e+00
8.678034072570810054e+00
6.358606592409067559e+00
1.728525211953259255e+00
1.039908330077200382e+01
1.759208470316799167e+00
1.787402424534638046e+00
1.585759223520049943e+00
8.678034072570810054e+00
1.398629835594442028e+01
6.897911705949119288e+00
5.319245908954468582e+00
1.711237167971968898e+00
1.290695031397427917e+00
2.363663782473638619e+00
1.928866762260708967e+00
1.039908330077200382e+01
5.453294890550574259e+00
1.398629835594442028e+01
2.378849195377106263e+00
3.069418688761713643e+00
3.665350790092954725e+00
3.085742730838076042e+00
6.610073730275682458e+00
6.897911705949119288e+00
2.034958331521893538e+00
7.624787803043177270e+00
3.698878228091092790e+00
4.544599325704925974e+00
2.302919592689344874e+00
7.231669299910323367e+00
1.922179827377391792e+00
4.976593774190632757e+00
6.136517930958749645e+00
4.878394624674863067e+00
1.179232354874052646e+01
6.136517930958749645e+00
3.119509200577058827e+00
2.394521021288847251e+00
1.446800543610313960e+00
3.665350790092954725e+00
4.168228764679975384e+00
3.928432270049376118e+00
5.760690488794116604e+00
1.398629835594442028e+01
6.358606592409067559e+00
7.231669299910323367e+00
2.462627208582242488e+00
4.115858574785381307e+00
6.136517930958749645e+00
1.518718087091588620e+00
1.398629835594442028e+01
3.085742730838076042e+00
1.144548467437683792e+00
3.486234698203102056e+00
1.540179651875700939e+00
1.315670241943701857e+00
1.582107020181615864e+00
1.476659717596580768e+00
3.698878228091092790e+00
6.358606592409067559e+00
1.435813665559017682e+00
1.361237911528349054e+00
6.610073730275682458e+00
2.161451564789572011e+00
3.972290858234542643e+00
8.096900009026395395e+00
2.649339640162833298e+00
1.317869435806851897e+00
6.897911705949119288e+00
1.179232354874052646e+01
4.786736248424851681e+00
1.398629835594442028e+01
2.675464339656973944e+00
1.748886858071036832e+00
1.538718987045282649e+00
2.761427962779658074e+00
1.398629835594442028e+01
3.433687235784068648e+00
8.096900009026395395e+00
1.664930334848091498e+00
2.289954970753452557e+00
2.837587178760800022e+00
1.491172378332397352e+00
1.775978699948156159e+00
2.399857523051045938e+00
4.168228764679975384e+00
1.439869528276496391e+00
2.569904094831461983e+00
3.513735171890392195e+00
3.632971226107808871e+00
2.684434993822597093e+00
1.937420717991639396e+00
8.096900009026395395e+00
4.405553507134619906e+00
8.678034072570810054e+00
3.119509200577058827e+00
4.223157861610916441e+00
1.398629835594442028e+01
2.039568408441795544e+00
4.878394624674863067e+00
1.427818514290777552e+00
5.453294890550574259e+00
3.542110502930233107e+00
1.445304632308114234e+00
2.249231109365875447e+00
2.937092949591392887e+00
1.039908330077200382e+01
3.102434947113386521e+00
7.624787803043177270e+00
6.897911705949119288e+00
2.950626275468136495e+00
4.473116886549839855e+00
2.136844764772016347e+00
1.443612185360881650e+00
5.082138707842611680e+00
8.096900009026395395e+00
1.398629835594442028e+01
2.180923220552969610e+00
3.886349915492472107e+00
4.405553507134619906e+00
8.096900009026395395e+00
2.148962559320569898e+00
1.300334544007901716e+00
3.191930765070057685e+00
1.373474492417410042e+00
6.358606592409067559e+00
9.416914236192898358e+00
2.513593443840427710e+00
4.168228764679975384e+00
4.280858269067012500e+00
3.211150847236301953e+00
6.358606592409067559e+00
5.453294890550574259e+00
2.751259591213044420e+00
9.416914236192898358e+00
3.433687235784068648e+00
3.769656614340512579e+00
1.625668656328692840e+00
1.461402481102234141e+00
1.466414890376050995e+00
4.168228764679975384e+00
4.405553507134619906e+00
5.082138707842611680e+00
2.053753637518415331e+00
1.244840127740590274e+00
2.378849195377106263e+00
1.343447421048525658e+00
2.462627208582242488e+00
3.665350790092954725e+00
1.738066251718442645e+00
2.468734231955952207e+00
1.398629835594442028e+01
1.137109763972159238e+00
1.312646513200353304e+00
5.319245908954468582e+00
1.677086607123217554e+00
7.624787803043177270e+00
8.678034072570810054e+00
1.398629835594442028e+01
1.179232354874052646e+01
1.305872619984511651e+00
4.976593774190632757e+00
1.421675511794343594e+00
1.398629835594442028e+01
2.339370301369074312e+00
1.039908330077200382e+01
1.705726688919374734e+00
2.898028413325541841e+00
1.208627877094496483e+00
2.257085722832981478e+00
2.265081126183691840e+00
2.702789828280608209e+00
4.473116886549839855e+00
4.878394624674863067e+00
3.571407438589082606e+00
4.473116886549839855e+00
1.758253545416706531e+00
5.760690488794116604e+00
5.195979376524188176e+00
2.133871204226707174e+00
2.632548248018265813e+00
1.351152063754128108e+00
1.398629835594442028e+01
8.678034072570810054e+00
4.786736248424851681e+00
5.195979376524188176e+00
1.522684233623617711e+00
8.678034072570810054e+00
8.096900009026395395e+00
2.761427962779658074e+00
3.408561838594738269e+00
1.645970353209087467e+00
7.624787803043177270e+00
3.211150847236301953e+00
1.039908330077200382e+01
5.938555968349024106e+00
4.341567762109392881e+00
1.398629835594442028e+01
1.039908330077200382e+01
6.897911705949119288e+00
4.786736248424851681e+00
2.201343805386738239e+00
1.179232354874052646e+01
3.293066527421812495e+00
2.249231109365875447e+00
2.257085722832981478e+00
6.610073730275682458e+00
3.211150847236301953e+00
4.878394624674863067e+00
3.769656614340512579e+00
3.069418688761713643e+00
1.488667094365346166e+00
2.399857523051045938e+00
2.145899026308645485e+00
3.972290858234542643e+00
6.897911705949119288e+00
6.897911705949119288e+00
3.102434947113386521e+00
1.171433333112643194e+00
1.521021315975025212e+00
6.610073730275682458e+00
3.542110502930233107e+00
1.933972580638242622e+00
1.864765403901493812e+00
1.462819079642705855e+00
5.195979376524188176e+00
8.096900009026395395e+00
1.740730028954500463e+00
3.251059244529220571e+00
5.599771011072511406e+00
3.886349915492472107e+00
3.154863010022843639e+00
2.462627208582242488e+00
4.473116886549839855e+00
1.756353807557163416e+00
6.136517930958749645e+00
1.398629835594442028e+01
2.873187242288851362e+00
8.678034072570810054e+00
4.405553507134619906e+00
2.152049286798052741e+00
2.014903856650893665e+00
1.179232354874052646e+01
7.624787803043177270e+00
3.037823084271166429e+00
7.231669299910323367e+00
1.039908330077200382e+01
4.280858269067012500e+00
3.433687235784068648e+00
2.028150016985720505e+00
2.584927363613700457e+00
1.454048425823593504e+00
4.620389377369722439e+00
2.562541477821151492e+00
2.527135357484368683e+00
5.938555968349024106e+00
6.897911705949119288e+00
1.398629835594442028e+01
1.398629835594442028e+01
5.082138707842611680e+00
3.769656614340512579e+00
3.486234698203102056e+00
1.257489086808708301e+00
6.610073730275682458e+00
8.096900009026395395e+00
7.624787803043177270e+00
6.610073730275682458e+00
1.451153860879230262e+00
9.416914236192898358e+00
4.700931397034700865e+00
6.358606592409067559e+00
3.972290858234542643e+00
1.398629835594442028e+01
1.039908330077200382e+01
3.972290858234542643e+00
1.332689015958703482e+00
1.039908330077200382e+01
6.358606592409067559e+00
1.398629835594442028e+01
4.223157861610916441e+00
5.082138707842611680e+00
9.416914236192898358e+00
2.600362969809127289e+00
2.761427962779658074e+00
1.398629835594442028e+01
1.935692173084929690e+00
2.191010190989294504e+00
2.302919592689344874e+00
1.284192288047746322e+00
3.136980091804868032e+00
2.320790702532501193e+00
1.265010459858356473e+00
1.381621026519992634e+00
2.320790702532501193e+00
5.938555968349024106e+00
7.624787803043177270e+00
6.897911705949119288e+00
1.153471027956382011e+00
3.665350790092954725e+00
2.037256152173378965e+00
2.089092751786702173e+00
2.474913666413131708e+00
1.198517810984437881e+00
1.686986501710597386e+00
1.398629835594442028e+01
1.392805210772400937e+00
8.678034072570810054e+00
4.700931397034700865e+00
6.610073730275682458e+00
3.928432270049376118e+00
2.014903856650893665e+00
8.096900009026395395e+00
2.174330866618579439e+00
8.678034072570810054e+00
3.928432270049376118e+00
1.577630787915871746e+00
7.231669299910323367e+00
3.433687235784068648e+00
1.922179827377391792e+00
1.398629835594442028e+01
7.624787803043177270e+00
2.640883416478467360e+00
1.179232354874052646e+01
1.267304406091775748e+00
4.405553507134619906e+00
7.231669299910323367e+00
9.416914236192898358e+00
1.265802047394049445e+00
1.898261619404849165e+00
3.230853584175824800e+00
1.713636194676861013e+00
6.610073730275682458e+00
1.834566297127643297e+00
4.700931397034700865e+00
5.195979376524188176e+00
2.814887509662116649e+00
4.878394624674863067e+00
2.861105609394871685e+00
3.845928459108548747e+00
4.223157861610916441e+00
7.624787803043177270e+00
5.760690488794116604e+00
4.620389377369722439e+00
4.168228764679975384e+00
9.416914236192898358e+00
3.928432270049376118e+00
1.735429295495502622e+00
1.564762982221975518e+00
1.617502650430984623e+00
1.179232354874052646e+01
6.897911705949119288e+00
6.358606592409067559e+00
9.416914236192898358e+00
2.373734583566903922e+00
1.398629835594442028e+01
9.416914236192898358e+00
1.179232354874052646e+01
1.454498404077222862e+00
3.119509200577058827e+00
3.119509200577058827e+00
2.782273821805790082e+00
3.571407438589082606e+00
5.195979376524188176e+00
1.398629835594442028e+01
6.610073730275682458e+00
2.849241035599817451e+00
6.136517930958749645e+00
6.897911705949119288e+00
7.624787803043177270e+00
3.085742730838076042e+00
4.065856891298627929e+00
1.867539113835004816e+00
1.975933119542045091e+00
9.416914236192898358e+00
1.398629835594442028e+01
4.700931397034700865e+00
8.678034072570810054e+00
7.231669299910323367e+00
7.231669299910323367e+00
2.444726932093984395e+00
9.416914236192898358e+00
1.890669599416462843e+00
1.179232354874052646e+01
1.208980192630373818e+00
2.073543766897996576e+00
2.814887509662116649e+00
2.368673079661606895e+00
4.544599325704925974e+00
2.438896058458208671e+00
9.416914236192898358e+00
8.678034072570810054e+00
1.398629835594442028e+01
6.610073730275682458e+00
9.416914236192898358e+00
4.341567762109392881e+00
9.416914236192898358e+00
2.849241035599817451e+00
5.760690488794116604e+00
1.202721410005972213e+00
7.624787803043177270e+00
9.416914236192898358e+00
1.398629835594442028e+01
1.039908330077200382e+01
1.398629835594442028e+01
2.569904094831461983e+00
3.053449648393774751e+00
5.195979376524188176e+00
4.341567762109392881e+00
7.231669299910323367e+00
4.168228764679975384e+00
5.760690488794116604e+00
2.684434993822597093e+00
7.231669299910323367e+00
6.897911705949119288e+00
2.923820937566300238e+00
5.082138707842611680e+00
4.878394624674863067e+00
3.807062732691569362e+00
1.398629835594442028e+01
1.179232354874052646e+01
8.678034072570810054e+00
1.661661388374338078e+00
7.624787803043177270e+00
6.610073730275682458e+00
2.083839485416548065e+00
1.179232354874052646e+01
1.507310286957414869e+00
1.693570196418056062e+00
5.599771011072511406e+00
3.733622054698024773e+00
2.053753637518415331e+00
1.398629835594442028e+01
4.544599325704925974e+00
2.493900867892873130e+00
1.245433375166639101e+00
7.231669299910323367e+00
2.363663782473638619e+00
4.976593774190632757e+00
1.400006717457030980e+00
9.416914236192898358e+00
3.807062732691569362e+00
3.154863010022843639e+00
1.398629835594442028e+01
7.231669299910323367e+00
2.468734231955952207e+00
1.039908330077200382e+01
3.733622054698024773e+00
7.624787803043177270e+00
7.231669299910323367e+00
8.678034072570810054e+00
7.624787803043177270e+00
6.136517930958749645e+00
3.293066527421812495e+00
6.358606592409067559e+00
1.398629835594442028e+01
3.271789301742745071e+00
3.384154002867322930e+00
4.223157861610916441e+00
4.786736248424851681e+00
1.179232354874052646e+01
7.624787803043177270e+00
4.223157861610916441e+00
6.610073730275682458e+00
5.599771011072511406e+00
1.398629835594442028e+01
1.039908330077200382e+01
1.179232354874052646e+01
1.179232354874052646e+01
3.571407438589082606e+00
2.649339640162833298e+00
3.601676278092701633e+00
8.096900009026395395e+00
2.632548248018265813e+00
3.119509200577058827e+00
2.130919458987305060e+00
5.760690488794116604e+00
4.223157861610916441e+00
2.051351544139579097e+00
1.179232354874052646e+01
3.665350790092954725e+00
2.410705434109829071e+00
3.408561838594738269e+00
5.760690488794116604e+00
3.886349915492472107e+00
1.501865565182505691e+00
2.513593443840427710e+00
1.179232354874052646e+01
2.910802040512921351e+00
8.096900009026395395e+00
1.179232354874052646e+01
2.814887509662116649e+00
8.096900009026395395e+00
1.925506275456442706e+00
2.849241035599817451e+00
1.357060911136022119e+00
2.265081126183691840e+00
5.453294890550574259e+00
9.416914236192898358e+00
1.398629835594442028e+01
3.337360685384656023e+00
7.231669299910323367e+00
7.231669299910323367e+00
7.231669299910323367e+00
3.601676278092701633e+00
2.873187242288851362e+00
1.285947168508866589e+00
1.179232354874052646e+01
6.136517930958749645e+00
6.897911705949119288e+00
2.253141073238071002e+00
2.837587178760800022e+00
1.818761320172789242e+00
1.086449901313679245e+00
5.760690488794116604e+00
5.599771011072511406e+00
5.195979376524188176e+00
2.792960737629894830e+00
1.039908330077200382e+01
1.039908330077200382e+01
3.337360685384656023e+00
7.624787803043177270e+00
1.398629835594442028e+01
4.223157861610916441e+00
4.280858269067012500e+00
1.507925581596910813e+00
5.319245908954468582e+00
8.678034072570810054e+00
1.398629835594442028e+01
4.341567762109392881e+00
1.039908330077200382e+01
9.416914236192898358e+00
7.231669299910323367e+00
4.786736248424851681e+00
1.179232354874052646e+01
2.142858402411555119e+00
2.241513252978981630e+00
2.910802040512921351e+00
5.938555968349024106e+00
2.257085722832981478e+00
5.599771011072511406e+00
3.886349915492472107e+00
1.489220710860833741e+00
6.610073730275682458e+00
3.632971226107808871e+00
1.039908330077200382e+01
2.849241035599817451e+00
1.398629835594442028e+01
1.942660841463103916e+00
2.410705434109829071e+00
3.459565571344153323e+00
1.476145193474300177e+00
2.222791872560072157e+00
1.467143543231630654e+00
3.733622054698024773e+00
1.684116438317022624e+00
4.018052477870398320e+00
5.938555968349024106e+00
7.231669299910323367e+00
7.624787803043177270e+00
2.139840407142331369e+00
3.337360685384656023e+00
5.319245908954468582e+00
6.358606592409067559e+00
4.786736248424851681e+00
3.037823084271166429e+00
4.878394624674863067e+00
2.037256152173378965e+00
3.173174188550006658e+00
4.405553507134619906e+00
1.039908330077200382e+01
9.416914236192898358e+00
5.760690488794116604e+00
8.096900009026395395e+00
8.678034072570810054e+00
2.684434993822597093e+00
5.599771011072511406e+00
1.398629835594442028e+01
8.678034072570810054e+00
1.179232354874052646e+01
7.624787803043177270e+00
3.191930765070057685e+00
7.231669299910323367e+00
5.938555968349024106e+00
2.640883416478467360e+00
4.878394624674863067e+00
7.624787803043177270e+00
3.807062732691569362e+00
7.624787803043177270e+00
2.222791872560072157e+00
3.007550279977043939e+00
3.733622054698024773e+00
6.358606592409067559e+00
4.341567762109392881e+00
2.164634024776801002e+00
1.417715742631729503e+00
1.396283300921251413e+00
5.760690488794116604e+00
4.280858269067012500e+00
5.938555968349024106e+00
3.733622054698024773e+00
2.608241275667662507e+00
6.610073730275682458e+00
2.923820937566300238e+00
6.897911705949119288e+00
4.405553507134619906e+00
3.337360685384656023e+00
8.096900009026395395e+00
2.666627031328418163e+00
3.486234698203102056e+00
8.096900009026395395e+00
1.179232354874052646e+01
4.878394624674863067e+00
2.584927363613700457e+00
2.675464339656973944e+00
3.022527077779549209e+00
2.923820937566300238e+00
1.398629835594442028e+01
4.280858269067012500e+00
1.586682406345695462e+00
3.513735171890392195e+00
4.786736248424851681e+00
1.398629835594442028e+01
1.398629835594442028e+01
3.698878228091092790e+00
1.398629835594442028e+01
1.398629835594442028e+01
1.179232354874052646e+01
3.972290858234542643e+00
7.231669299910323367e+00
4.700931397034700865e+00
8.096900009026395395e+00
8.096900009026395395e+00
5.760690488794116604e+00
3.542110502930233107e+00
6.610073730275682458e+00
3.459565571344153323e+00
1.039908330077200382e+01
3.314915093660648182e+00
2.307323386490875983e+00
8.096900009026395395e+00
6.136517930958749645e+00
1.398629835594442028e+01
5.319245908954468582e+00
4.786736248424851681e+00
2.937092949591392887e+00
5.938555968349024106e+00
5.453294890550574259e+00
7.231669299910323367e+00
5.938555968349024106e+00
2.302919592689344874e+00
6.610073730275682458e+00
1.039908330077200382e+01
4.786736248424851681e+00
1.398629835594442028e+01
1.398629835594442028e+01
1.398629835594442028e+01
4.544599325704925974e+00
5.599771011072511406e+00
8.096900009026395395e+00
6.897911705949119288e+00
2.792960737629894830e+00
7.624787803043177270e+00
9.416914236192898358e+00
2.316258264329746019e+00
2.110846595824648730e+00
6.358606592409067559e+00
2.814887509662116649e+00
9.416914236192898358e+00
1.914008960036917228e+00
3.251059244529220571e+00
1.111290643037202930e+00
2.481166935347186797e+00
3.230853584175824800e+00
1.741623992704296686e+00
1.407593153718565748e+00
1.702631384957733918e+00
1.497452024648624480e+00
2.792960737629894830e+00
4.018052477870398320e+00
1.276460547380478872e+00
1.179109428648056790e+00
6.610073730275682458e+00
3.601676278092701633e+00
6.897911705949119288e+00
5.319245908954468582e+00
3.807062732691569362e+00
3.136980091804868032e+00
3.513735171890392195e+00
1.179232354874052646e+01
3.733622054698024773e+00
7.231669299910323367e+00
2.513593443840427710e+00
2.500384580221138187e+00
2.222791872560072157e+00
2.094418413124658152e+00
6.358606592409067559e+00
8.096900009026395395e+00
2.500384580221138187e+00
2.937092949591392887e+00
5.938555968349024106e+00
1.039908330077200382e+01
6.897911705949119288e+00
4.700931397034700865e+00
1.727674988683409962e+00
2.731409685221252381e+00
3.513735171890392195e+00
6.610073730275682458e+00
3.928432270049376118e+00
9.416914236192898358e+00
1.398629835594442028e+01
1.545381248914597494e+00
1.752594236169827902e+00
2.592592467664705858e+00
3.632971226107808871e+00
4.065856891298627929e+00
1.398629835594442028e+01
3.022527077779549209e+00
4.223157861610916441e+00
5.760690488794116604e+00
5.082138707842611680e+00
5.319245908954468582e+00
9.416914236192898358e+00
6.897911705949119288e+00
2.230184455565479951e+00
4.223157861610916441e+00
7.231669299910323367e+00
7.624787803043177270e+00
9.416914236192898358e+00
4.405553507134619906e+00
2.122192516203067036e+00
3.733622054698024773e+00
2.898028413325541841e+00
1.264372164749532068e+00
1.398754648825426772e+00
1.701098014793038349e+00
1.157606863576727374e+00
3.022527077779549209e+00
1.206062061794315410e+00
2.657919838858120443e+00
3.314915093660648182e+00
2.201343805386738239e+00
8.096900009026395395e+00
2.712181052790382907e+00
3.542110502930233107e+00
3.928432270049376118e+00
1.179232354874052646e+01
2.649339640162833298e+00
8.678034072570810054e+00
1.398629835594442028e+01
1.852586008325404876e+00
5.453294890550574259e+00
1.039908330077200382e+01
2.992881877159055737e+00
4.341567762109392881e+00
7.624787803043177270e+00
9.416914236192898358e+00
2.885492545342460691e+00
1.179232354874052646e+01
2.923820937566300238e+00
1.730234090467811514e+00
5.938555968349024106e+00
4.786736248424851681e+00
2.513593443840427710e+00
2.693542336525760028e+00
6.610073730275682458e+00
1.398629835594442028e+01
2.826137951791407588e+00
1.205362314152364833e+00
8.096900009026395395e+00
1.039908330077200382e+01
4.223157861610916441e+00
1.398629835594442028e+01
1.179232354874052646e+01
3.886349915492472107e+00
2.014903856650893665e+00
4.018052477870398320e+00
5.938555968349024106e+00
4.341567762109392881e+00
2.826137951791407588e+00
2.712181052790382907e+00
1.179232354874052646e+01
1.467143543231630654e+00
2.771764498081669359e+00
4.065856891298627929e+00
3.769656614340512579e+00
5.453294890550574259e+00
8.096900009026395395e+00
2.616229867989665170e+00
3.136980091804868032e+00
8.096900009026395395e+00
2.608241275667662507e+00
5.319245908954468582e+00
4.544599325704925974e+00
1.957048257173170214e+00
4.976593774190632757e+00
4.168228764679975384e+00
1.179232354874052646e+01
4.878394624674863067e+00
3.271789301742745071e+00
1.179232354874052646e+01
8.096900009026395395e+00
1.574118844328355360e+00
4.620389377369722439e+00
1.039908330077200382e+01
5.082138707842611680e+00
1.039908330077200382e+01
2.624331309851516192e+00
9.416914236192898358e+00
2.399857523051045938e+00
5.319245908954468582e+00
2.450624889800860018e+00
3.293066527421812495e+00
2.992881877159055737e+00
3.665350790092954725e+00
5.195979376524188176e+00
6.610073730275682458e+00
1.420585098457990636e+00
3.251059244529220571e+00
3.972290858234542643e+00
2.731409685221252381e+00
2.562541477821151492e+00
3.037823084271166429e+00
2.061053771792161093e+00
6.610073730275682458e+00
1.179232354874052646e+01
5.938555968349024106e+00
2.910802040512921351e+00
1.039908330077200382e+01
3.698878228091092790e+00
1.398629835594442028e+01
9.416914236192898358e+00
5.319245908954468582e+00
2.500384580221138187e+00
6.610073730275682458e+00
2.257085722832981478e+00
3.733622054698024773e+00
8.678034072570810054e+00
6.136517930958749645e+00
7.231669299910323367e+00
9.416914236192898358e+00
2.534035564788753359e+00
2.068498250266853411e+00
1.179232354874052646e+01
1.398629835594442028e+01
1.398629835594442028e+01
1.398629835594442028e+01
3.154863010022843639e+00
3.085742730838076042e+00
1.179232354874052646e+01
1.179232354874052646e+01
6.897911705949119288e+00
7.231669299910323367e+00
5.195979376524188176e+00
7.624787803043177270e+00
6.610073730275682458e+00
5.599771011072511406e+00
1.179232354874052646e+01
1.918886854483606852e+00
8.678034072570810054e+00
1.478212741510616546e+00
7.231669299910323367e+00
3.928432270049376118e+00
7.624787803043177270e+00
2.468734231955952207e+00
3.085742730838076042e+00
2.792960737629894830e+00
2.089092751786702173e+00
7.624787803043177270e+00
3.665350790092954725e+00
4.018052477870398320e+00
3.408561838594738269e+00
9.416914236192898358e+00
1.179232354874052646e+01
9.416914236192898358e+00
2.950626275468136495e+00
2.910802040512921351e+00
1.039908330077200382e+01
3.251059244529220571e+00
5.938555968349024106e+00
2.108060293842117350e+00
7.231669299910323367e+00
2.051351544139579097e+00
3.486234698203102056e+00
1.202513327811086219e+00
3.211150847236301953e+00
4.786736248424851681e+00
4.168228764679975384e+00
2.298557350582805636e+00
4.878394624674863067e+00
5.760690488794116604e+00
3.384154002867322930e+00
2.923820937566300238e+00
4.976593774190632757e+00
4.018052477870398320e+00
1.398629835594442028e+01
4.976593774190632757e+00
1.398629835594442028e+01
7.231669299910323367e+00
1.398629835594442028e+01
7.624787803043177270e+00
2.608241275667662507e+00
7.231669299910323367e+00
7.624787803043177270e+00
3.665350790092954725e+00
5.599771011072511406e+00
7.231669299910323367e+00
3.154863010022843639e+00
2.992881877159055737e+00
2.761427962779658074e+00
2.474913666413131708e+00
2.675464339656973944e+00
1.398629835594442028e+01
1.179232354874052646e+01
2.410705434109829071e+00
9.416914236192898358e+00
4.786736248424851681e+00
1.398629835594442028e+01
9.416914236192898358e+00
2.099818125488933873e+00
4.620389377369722439e+00
6.358606592409067559e+00
2.937092949591392887e+00
3.085742730838076042e+00
2.086457170713803322e+00
1.495429481796088922e+00
1.671607080334299278e+00
2.368673079661606895e+00
9.416914236192898358e+00
3.886349915492472107e+00
4.168228764679975384e+00
9.416914236192898358e+00
8.096900009026395395e+00
1.398629835594442028e+01
5.760690488794116604e+00
1.785290136115483595e+00
1.528107787359743508e+00
2.002127639382444979e+00
4.168228764679975384e+00
7.231669299910323367e+00
4.700931397034700865e+00
1.398629835594442028e+01
1.620191173622001823e+00
5.319245908954468582e+00
4.018052477870398320e+00
1.102758727967313446e+00
1.511662032297553804e+00
1.039908330077200382e+01
1.979837573903036496e+00
5.195979376524188176e+00
6.897911705949119288e+00
5.082138707842611680e+00
1.811745999817073960e+00
1.039908330077200382e+01
2.208374860764457104e+00
2.127989266991883621e+00
9.416914236192898358e+00
7.231669299910323367e+00
1.398629835594442028e+01
3.845928459108548747e+00
1.179232354874052646e+01
5.599771011072511406e+00
1.371290177579602254e+00
1.398629835594442028e+01
1.927182228282007248e+00
1.039908330077200382e+01
3.769656614340512579e+00
2.555275348951976166e+00
5.195979376524188176e+00
5.599771011072511406e+00
2.056171262239050890e+00
3.769656614340512579e+00
2.450624889800860018e+00
7.231669299910323367e+00
1.179232354874052646e+01
1.222535069136345243e+00
4.341567762109392881e+00
1.352136032469193783e+00
3.384154002867322930e+00
1.474865700520791467e+00
8.678034072570810054e+00
1.039908330077200382e+01
3.972290858234542643e+00
8.096900009026395395e+00
7.231669299910323367e+00
3.698878228091092790e+00
8.678034072570810054e+00
3.085742730838076042e+00
4.976593774190632757e+00
4.280858269067012500e+00
1.039908330077200382e+01
4.544599325704925974e+00
1.398629835594442028e+01
3.845928459108548747e+00
2.649339640162833298e+00
5.760690488794116604e+00
5.319245908954468582e+00
4.976593774190632757e+00
3.733622054698024773e+00
1.179232354874052646e+01
6.897911705949119288e+00
5.082138707842611680e+00
4.473116886549839855e+00
1.898261619404849165e+00
3.293066527421812495e+00
1.793836648142190793e+00
3.384154002867322930e+00
5.453294890550574259e+00
2.632548248018265813e+00
2.782273821805790082e+00
1.398629835594442028e+01
6.358606592409067559e+00
1.179232354874052646e+01
1.837074903544506643e+00
2.978511558928810921e+00
2.555275348951976166e+00
1.458144047323028492e+00
1.218342919301129257e+00
1.898261619404849165e+00
1.398629835594442028e+01
6.136517930958749645e+00
4.405553507134619906e+00
1.871747083242710108e+00
3.807062732691569362e+00
8.096900009026395395e+00
4.620389377369722439e+00
1.953393488770133635e+00
3.886349915492472107e+00
1.398629835594442028e+01
1.039908330077200382e+01
3.886349915492472107e+00
1.039908330077200382e+01
1.796014529609013977e+00
2.506948227443301036e+00
3.293066527421812495e+00
1.308789596258602028e+00
1.791675476113374854e+00
1.118590605633697166e+00
1.696553887944157735e+00
1.692829885532442180e+00
2.155159499064206230e+00
5.195979376524188176e+00
2.105293598154510004e+00
3.136980091804868032e+00
2.373734583566903922e+00
2.010594271171424197e+00
3.928432270049376118e+00
8.096900009026395395e+00
1.791675476113374854e+00
3.845928459108548747e+00
1.103853175661116737e+00
1.958890507294279271e+00
3.972290858234542643e+00
1.438641620126219767e+00
1.647187183198908667e+00
2.693542336525760028e+00
1.179232354874052646e+01
2.245355332279880933e+00
1.039908330077200382e+01
5.938555968349024106e+00
2.978511558928810921e+00
2.721719722625026705e+00
3.571407438589082606e+00
2.569904094831461983e+00
1.736305328248197055e+00
1.484570502775433454e+00
4.544599325704925974e+00
1.039908330077200382e+01
2.116478940955882848e+00
2.761427962779658074e+00
6.897911705949119288e+00
2.083839485416548065e+00
2.826137951791407588e+00
6.897911705949119288e+00
6.897911705949119288e+00
9.416914236192898358e+00
4.473116886549839855e+00
1.398629835594442028e+01
8.678034072570810054e+00
2.222791872560072157e+00
4.473116886549839855e+00
7.231669299910323367e+00
4.168228764679975384e+00
3.845928459108548747e+00
1.334194944069768241e+00
4.544599325704925974e+00
2.394521021288847251e+00
4.544599325704925974e+00
3.384154002867322930e+00
4.168228764679975384e+00
2.410705434109829071e+00
7.231669299910323367e+00
3.928432270049376118e+00
3.886349915492472107e+00
7.624787803043177270e+00
4.620389377369722439e+00
1.456083280953355263e+00
9.416914236192898358e+00
4.223157861610916441e+00
5.599771011072511406e+00
5.453294890550574259e+00
2.721719722625026705e+00
1.909203342843071471e+00
7.624787803043177270e+00
1.179232354874052646e+01
1.403025341974676321e+00
3.972290858234542643e+00
1.039908330077200382e+01
2.125080370540599173e+00
1.398629835594442028e+01
6.610073730275682458e+00
6.610073730275682458e+00
5.319245908954468582e+00
6.610073730275682458e+00
6.610073730275682458e+00
4.878394624674863067e+00
4.280858269067012500e+00
5.453294890550574259e+00
3.271789301742745071e+00
6.358606592409067559e+00
7.624787803043177270e+00
4.280858269067012500e+00
1.179232354874052646e+01
3.665350790092954725e+00
1.179232354874052646e+01
2.481166935347186797e+00
4.018052477870398320e+00
1.398629835594442028e+01
2.041895250132428785e+00
1.343652192011939750e+00
4.878394624674863067e+00
2.937092949591392887e+00
5.082138707842611680e+00
5.938555968349024106e+00
6.610073730275682458e+00
2.898028413325541841e+00
3.886349915492472107e+00
5.938555968349024106e+00
2.127989266991883621e+00
1.039908330077200382e+01
2.684434993822597093e+00
6.610073730275682458e+00
8.678034072570810054e+00
5.938555968349024106e+00
3.360430623882499912e+00
7.624787803043177270e+00
1.179232354874052646e+01
1.313989103412834591e+00
2.712181052790382907e+00
1.867539113835004816e+00
1.039908330077200382e+01
9.416914236192898358e+00
1.695057530250765110e+00
3.733622054698024773e+00
1.574554548077104377e+00
5.453294890550574259e+00
5.938555968349024106e+00
5.938555968349024106e+00
1.514835600852054931e+00
1.732818718868162300e+00
1.398629835594442028e+01
6.897911705949119288e+00
1.689161452365300908e+00
3.928432270049376118e+00
2.600362969809127289e+00
6.136517930958749645e+00
8.678034072570810054e+00
5.599771011072511406e+00
4.620389377369722439e+00
4.976593774190632757e+00
2.108060293842117350e+00
1.641761686777392315e+00
4.223157861610916441e+00
2.657919838858120443e+00
3.085742730838076042e+00
6.897911705949119288e+00
5.599771011072511406e+00
4.115858574785381307e+00
6.897911705949119288e+00
7.624787803043177270e+00
1.398629835594442028e+01
1.244016330772475643e+00
1.329369438673277504e+00
4.786736248424851681e+00
1.313355276217424539e+00
1.498325979265219265e+00
1.925506275456442706e+00
3.459565571344153323e+00
3.928432270049376118e+00
6.897911705949119288e+00
4.168228764679975384e+00
4.620389377369722439e+00
1.824739724721560652e+00
7.624787803043177270e+00
1.039908330077200382e+01
5.082138707842611680e+00
6.610073730275682458e+00
3.845928459108548747e+00
1.674331158944195153e+00
3.928432270049376118e+00
8.678034072570810054e+00
5.453294890550574259e+00
8.678034072570810054e+00
3.408561838594738269e+00
2.978511558928810921e+00
3.360430623882499912e+00
6.897911705949119288e+00
2.616229867989665170e+00
3.845928459108548747e+00
1.398629835594442028e+01
1.725982898375475028e+00
1.638215130587953317e+00
1.634146500373871547e+00
1.613268528111813538e+00
8.678034072570810054e+00
2.211934144629770671e+00
5.319245908954468582e+00
4.341567762109392881e+00
3.459565571344153323e+00
5.938555968349024106e+00
8.096900009026395395e+00
2.527135357484368683e+00
1.179232354874052646e+01
1.039908330077200382e+01
1.179232354874052646e+01
1.398629835594442028e+01
2.456591210813403148e+00
6.136517930958749645e+00
1.706506536766934978e+00
1.669584256226073204e+00
1.398629835594442028e+01
4.473116886549839855e+00
3.972290858234542643e+00
3.632971226107808871e+00
8.096900009026395395e+00
8.678034072570810054e+00
1.179232354874052646e+01
2.410705434109829071e+00
5.453294890550574259e+00
2.861105609394871685e+00
4.878394624674863067e+00
4.473116886549839855e+00
2.204844879275643876e+00
4.878394624674863067e+00
8.678034072570810054e+00
8.678034072570810054e+00
1.039908330077200382e+01
6.897911705949119288e+00
4.065856891298627929e+00
5.760690488794116604e+00
3.230853584175824800e+00
2.520321910585981318e+00
2.910802040512921351e+00
6.136517930958749645e+00
3.069418688761713643e+00
1.179232354874052646e+01
6.610073730275682458e+00
1.779047840466982278e+00
3.733622054698024773e+00
4.620389377369722439e+00
1.385815459360191459e+00
3.007550279977043939e+00
2.167841182847693560e+00
4.115858574785381307e+00
1.179232354874052646e+01
5.195979376524188176e+00
1.039908330077200382e+01
2.167841182847693560e+00
1.039908330077200382e+01
8.678034072570810054e+00
8.096900009026395395e+00
1.102547785853912332e+00
5.319245908954468582e+00
1.039908330077200382e+01
5.453294890550574259e+00
4.065856891298627929e+00
1.384966183302020148e+00
3.807062732691569362e+00
8.678034072570810054e+00
2.577365326119689826e+00
5.319245908954468582e+00
9.416914236192898358e+00
9.416914236192898358e+00
5.760690488794116604e+00
2.078657009067041983e+00
7.624787803043177270e+00
1.398629835594442028e+01
7.624787803043177270e+00
7.231669299910323367e+00
7.624787803043177270e+00
1.399379300378217561e+00
4.223157861610916441e+00
1.398629835594442028e+01
1.179232354874052646e+01
3.102434947113386521e+00
2.964429488561219017e+00
8.678034072570810054e+00
5.453294890550574259e+00
1.388684975922308773e+00
1.659721632506352629e+00
5.599771011072511406e+00
1.179232354874052646e+01
1.922179827377391792e+00
1.940904973852332294e+00
1.312098366160998619e+00
1.587609701347523439e+00
9.416914236192898358e+00
3.037823084271166429e+00
2.307323386490875983e+00
1.039908330077200382e+01
2.344131364229995906e+00
2.751259591213044420e+00
1.918886854483606852e+00
6.136517930958749645e+00
6.610073730275682458e+00
3.601676278092701633e+00
1.179232354874052646e+01
5.453294890550574259e+00
1.599560552300374638e+00
1.179232354874052646e+01
7.231669299910323367e+00
9.416914236192898358e+00
5.938555968349024106e+00
1.814065578980001980e+00
5.938555968349024106e+00
1.039908330077200382e+01
3.886349915492472107e+00
3.230853584175824800e+00
1.914008960036917228e+00
3.571407438589082606e+00
7.624787803043177270e+00
4.700931397034700865e+00
3.807062732691569362e+00
2.562541477821151492e+00
1.788464590172785584e+00
1.912399144240180204e+00
3.928432270049376118e+00
1.039908330077200382e+01
1.039908330077200382e+01
6.358606592409067559e+00
3.136980091804868032e+00
2.405251979736009904e+00
2.592592467664705858e+00
8.096900009026395395e+00
2.693542336525760028e+00
2.950626275468136495e+00
3.384154002867322930e+00
6.136517930958749645e+00
2.148962559320569898e+00
4.878394624674863067e+00
1.803771820229231215e+00
4.168228764679975384e+00
4.878394624674863067e+00
1.039908330077200382e+01
2.048964818631229257e+00
5.599771011072511406e+00
1.193833026899294936e+00
1.641166736735601095e+00
1.179232354874052646e+01
1.398629835594442028e+01
6.136517930958749645e+00
4.280858269067012500e+00
2.010594271171424197e+00
4.405553507134619906e+00
2.702789828280608209e+00
2.608241275667662507e+00
5.599771011072511406e+00
2.222791872560072157e+00
5.453294890550574259e+00
4.786736248424851681e+00
2.761427962779658074e+00
3.886349915492472107e+00
1.838337200886246414e+00
5.599771011072511406e+00
2.964429488561219017e+00
2.014903856650893665e+00
4.878394624674863067e+00
3.230853584175824800e+00
4.223157861610916441e+00
7.624787803043177270e+00
3.698878228091092790e+00
2.803830237199933517e+00
4.700931397034700865e+00
2.298557350582805636e+00
2.261065567282741995e+00
2.792960737629894830e+00
7.231669299910323367e+00
6.897911705949119288e+00
8.096900009026395395e+00
9.416914236192898358e+00
1.179232354874052646e+01
2.389241457164998916e+00
7.624787803043177270e+00
6.610073730275682458e+00
1.898261619404849165e+00
4.878394624674863067e+00
4.878394624674863067e+00
2.273221519718087613e+00
4.544599325704925974e+00
1.922179827377391792e+00
4.544599325704925974e+00
2.023680666525167648e+00
4.878394624674863067e+00
1.748886858071036832e+00
5.082138707842611680e+00
9.416914236192898358e+00
3.807062732691569362e+00
1.398629835594442028e+01
5.599771011072511406e+00
2.191010190989294504e+00
2.081239496857343774e+00
6.610073730275682458e+00
3.486234698203102056e+00
3.433687235784068648e+00
6.897911705949119288e+00
3.632971226107808871e+00
2.964429488561219017e+00
4.786736248424851681e+00
1.039908330077200382e+01
1.843440562631710078e+00
3.271789301742745071e+00
2.316258264329746019e+00
1.398629835594442028e+01
3.486234698203102056e+00
2.399857523051045938e+00
3.886349915492472107e+00
9.416914236192898358e+00
1.170317646549684731e+00
2.177614043364521912e+00
3.886349915492472107e+00
3.807062732691569362e+00
5.319245908954468582e+00
4.065856891298627929e+00
1.039908330077200382e+01
1.791675476113374854e+00
4.473116886549839855e+00
1.684116438317022624e+00
7.624787803043177270e+00
7.231669299910323367e+00
5.599771011072511406e+00
2.373734583566903922e+00
2.265081126183691840e+00
4.786736248424851681e+00
1.039908330077200382e+01
5.453294890550574259e+00
2.592592467664705858e+00
1.526395927212831127e+00
8.678034072570810054e+00
2.731409685221252381e+00
6.358606592409067559e+00
6.610073730275682458e+00
2.148962559320569898e+00
6.897911705949119288e+00
9.416914236192898358e+00
3.601676278092701633e+00
5.195979376524188176e+00
1.039908330077200382e+01
1.607578046515025783e+00
6.610073730275682458e+00
3.733622054698024773e+00
2.253141073238071002e+00
3.007550279977043939e+00
4.976593774190632757e+00
4.223157861610916441e+00
6.136517930958749645e+00
1.179232354874052646e+01
2.527135357484368683e+00
1.179232354874052646e+01
3.251059244529220571e+00
3.271789301742745071e+00
9.416914236192898358e+00
7.231669299910323367e+00
4.620389377369722439e+00
9.416914236192898358e+00
7.624787803043177270e+00
9.416914236192898358e+00
1.627898125710368626e+00
1.039908330077200382e+01
1.989794549508401955e+00
1.398629835594442028e+01
8.678034072570810054e+00
2.155159499064206230e+00
4.700931397034700865e+00
7.231669299910323367e+00
4.115858574785381307e+00
1.106800470027140548e+00
1.703401622340583454e+00
1.179232354874052646e+01
5.195979376524188176e+00
4.700931397034700865e+00
1.398629835594442028e+01
5.938555968349024106e+00
2.978511558928810921e+00
1.167143305438546275e+00
5.319245908954468582e+00
8.678034072570810054e+00
1.398629835594442028e+01
1.179232354874052646e+01
1.398629835594442028e+01
4.341567762109392881e+00
2.281511280254920671e+00
1.179232354874052646e+01
2.161451564789572011e+00
1.477175811702984287e+00
5.082138707842611680e+00
5.453294890550574259e+00
6.897911705949119288e+00
5.599771011072511406e+00
9.416914236192898358e+00
1.494855856649584647e+00
4.786736248424851681e+00
5.760690488794116604e+00
1.039908330077200382e+01
9.416914236192898358e+00
1.398629835594442028e+01
2.923820937566300238e+00
6.136517930958749645e+00
1.179232354874052646e+01
6.610073730275682458e+00
1.179232354874052646e+01
1.398629835594442028e+01
9.416914236192898358e+00
9.416914236192898358e+00
2.187620944445400450e+00
5.453294890550574259e+00
6.358606592409067559e+00
4.065856891298627929e+00
2.616229867989665170e+00
3.601676278092701633e+00
1.398629835594442028e+01
1.398629835594442028e+01
1.398629835594442028e+01
5.599771011072511406e+00
2.493900867892873130e+00
3.433687235784068648e+00
5.195979376524188176e+00
6.897911705949119288e+00
9.416914236192898358e+00
8.678034072570810054e+00
8.678034072570810054e+00
1.398629835594442028e+01
2.751259591213044420e+00
2.771764498081669359e+00
2.657919838858120443e+00
3.886349915492472107e+00
1.179232354874052646e+01
1.398629835594442028e+01
2.592592467664705858e+00
4.473116886549839855e+00
5.319245908954468582e+00
1.398629835594442028e+01
6.358606592409067559e+00
2.010594271171424197e+00
8.096900009026395395e+00
5.319245908954468582e+00
2.399857523051045938e+00
1.437423323198224967e+00
8.096900009026395395e+00
4.115858574785381307e+00
6.897911705949119288e+00
1.179232354874052646e+01
1.551891258754612757e+00
1.835817947987702592e+00
2.245355332279880933e+00
1.684830784740417586e+00
1.084932614214024316e+00
3.513735171890392195e+00
7.624787803043177270e+00
2.978511558928810921e+00
1.075171389054461857e+00
4.473116886549839855e+00
1.184277188385409740e+00
3.807062732691569362e+00
1.764034449980289354e+00
8.096900009026395395e+00
1.655257158786489935e+00
2.640883416478467360e+00
3.928432270049376118e+00
1.393253999014993472e+00
4.878394624674863067e+00
1.729378240793684185e+00
6.897911705949119288e+00
4.168228764679975384e+00
9.416914236192898358e+00
7.231669299910323367e+00
4.700931397034700865e+00
2.666627031328418163e+00
2.249231109365875447e+00
3.314915093660648182e+00
3.007550279977043939e+00
1.179232354874052646e+01
5.195979376524188176e+00
8.096900009026395395e+00
8.678034072570810054e+00
3.972290858234542643e+00
7.231669299910323367e+00
3.845928459108548747e+00
6.610073730275682458e+00
5.453294890550574259e+00
2.316258264329746019e+00
6.136517930958749645e+00
1.338732182998762621e+00
1.532985729323858237e+00
8.096900009026395395e+00
2.624331309851516192e+00
1.039908330077200382e+01
5.453294890550574259e+00
4.115858574785381307e+00
2.265081126183691840e+00
4.341567762109392881e+00
3.928432270049376118e+00
4.976593774190632757e+00
9.416914236192898358e+00
1.810593174375083825e+00
4.280858269067012500e+00
3.845928459108548747e+00
3.632971226107808871e+00
1.039908330077200382e+01
4.976593774190632757e+00
5.453294890550574259e+00
1.398629835594442028e+01
1.179232354874052646e+01
6.358606592409067559e+00
1.398629835594442028e+01
1.670930893494030123e+00
7.624787803043177270e+00
9.416914236192898358e+00
4.115858574785381307e+00
4.280858269067012500e+00
7.624787803043177270e+00
8.678034072570810054e+00
3.698878228091092790e+00
7.624787803043177270e+00
5.938555968349024106e+00
2.197871251686610794e+00
5.195979376524188176e+00
6.897911705949119288e+00
3.173174188550006658e+00
1.827165758157434983e+00
1.298596394216999794e+00
1.407593153718565748e+00
1.179232354874052646e+01
1.179232354874052646e+01
1.179232354874052646e+01
6.136517930958749645e+00
3.251059244529220571e+00
7.231669299910323367e+00
2.456591210813403148e+00
7.624787803043177270e+00
3.119509200577058827e+00
4.786736248424851681e+00
1.398629835594442028e+01
9.416914236192898358e+00
3.433687235784068648e+00
1.398629835594442028e+01
4.280858269067012500e+00
5.082138707842611680e+00
6.897911705949119288e+00
6.897911705949119288e+00
3.007550279977043939e+00
1.804897479832292317e+00
1.039908330077200382e+01
1.398629835594442028e+01
3.769656614340512579e+00
3.314915093660648182e+00
2.462627208582242488e+00
1.398629835594442028e+01
3.337360685384656023e+00
3.733622054698024773e+00
4.473116886549839855e+00
1.536908716161947464e+00
1.541651533133073126e+00
1.659721632506352629e+00
2.950626275468136495e+00
2.219142236511675303e+00
1.398629835594442028e+01
1.743421078972118288e+00
2.281511280254920671e+00
1.398629835594442028e+01
5.599771011072511406e+00
1.039908330077200382e+01
3.459565571344153323e+00
2.078657009067041983e+00
2.078657009067041983e+00
2.119325454728119507e+00
4.280858269067012500e+00
3.513735171890392195e+00
1.110407725281593372e+00
1.359364548282641749e+00
2.468734231955952207e+00
7.624787803043177270e+00
1.386670036810820239e+00
2.021466430468567665e+00
1.058150453870698726e+00
1.103458044763051094e+00
1.179232354874052646e+01
1.369016182508384638e+00
3.211150847236301953e+00
1.420585098457990636e+00
1.354127502627431756e+00
2.666627031328418163e+00
2.004225538955430430e+00
1.807162190339417274e+00
1.796014529609013977e+00
3.571407438589082606e+00
7.624787803043177270e+00
2.666627031328418163e+00
7.624787803043177270e+00
3.928432270049376118e+00
7.231669299910323367e+00
1.398629835594442028e+01
5.195979376524188176e+00
8.096900009026395395e+00
1.754467422376422503e+00
4.115858574785381307e+00
8.678034072570810054e+00
5.082138707842611680e+00
1.398629835594442028e+01
1.278422634799304181e+00
1.122662874960344448e+00
2.197871251686610794e+00
6.897911705949119288e+00
8.096900009026395395e+00
1.179232354874052646e+01
1.398629835594442028e+01
4.018052477870398320e+00
1.179232354874052646e+01
8.678034072570810054e+00
4.473116886549839855e+00
5.599771011072511406e+00
2.684434993822597093e+00
3.191930765070057685e+00
8.096900009026395395e+00
1.918886854483606852e+00
3.632971226107808871e+00
2.782273821805790082e+00
7.624787803043177270e+00
2.063518995909134013e+00
5.938555968349024106e+00
1.731954313950042401e+00
1.453152223342591753e+00
1.398629835594442028e+01
2.174330866618579439e+00
6.610073730275682458e+00
4.473116886549839855e+00
1.179232354874052646e+01
1.039908330077200382e+01
1.626223931350739615e+00
2.923820937566300238e+00
4.544599325704925974e+00
3.433687235784068648e+00
1.326940151523682943e+00
2.992881877159055737e+00
1.458144047323028492e+00
1.051296553921977850e+00
7.624787803043177270e+00
1.283296422981985874e+00
5.938555968349024106e+00
2.076091829084566687e+00
2.399857523051045938e+00
2.803830237199933517e+00
1.039908330077200382e+01
8.096900009026395395e+00
4.473116886549839855e+00
1.314706495374200035e+00
3.513735171890392195e+00
5.938555968349024106e+00
1.321039015493073787e+00
5.453294890550574259e+00
1.158294468743116257e+00
1.293744705067446210e+00
1.639391170626933514e+00
2.158293491526126928e+00
5.082138707842611680e+00
3.211150847236301953e+00
1.406437540507927686e+00
1.238277867395321641e+00
4.473116886549839855e+00
1.039908330077200382e+01
2.792960737629894830e+00
2.584927363613700457e+00
2.000042044222678950e+00
7.231669299910323367e+00
7.231669299910323367e+00
6.358606592409067559e+00
1.776997957041393628e+00
1.559028477636301258e+00
2.616229867989665170e+00
2.019265639014609981e+00
6.897911705949119288e+00
1.904468257687311983e+00
1.179232354874052646e+01
1.179232354874052646e+01
3.251059244529220571e+00
2.353798308609992951e+00
6.897911705949119288e+00
2.803830237199933517e+00
1.039908330077200382e+01
4.473116886549839855e+00
6.610073730275682458e+00
1.179232354874052646e+01
1.039908330077200382e+01
3.384154002867322930e+00
9.416914236192898358e+00
5.082138707842611680e+00
6.897911705949119288e+00
1.179232354874052646e+01
7.231669299910323367e+00
4.878394624674863067e+00
1.179232354874052646e+01
5.938555968349024106e+00
2.051351544139579097e+00
4.341567762109392881e+00
1.179232354874052646e+01
8.096900009026395395e+00
4.786736248424851681e+00
2.577365326119689826e+00
2.125080370540599173e+00
3.433687235784068648e+00
1.985777661638769676e+00
1.844730138050878709e+00
7.624787803043177270e+00
8.678034072570810054e+00
1.039908330077200382e+01
5.760690488794116604e+00
4.280858269067012500e+00
2.826137951791407588e+00
6.136517930958749645e+00
1.270226036118976776e+00
8.096900009026395395e+00
1.793836648142190793e+00
1.398629835594442028e+01
8.678034072570810054e+00
1.522684233623617711e+00
4.544599325704925974e+00
5.082138707842611680e+00
3.314915093660648182e+00
3.314915093660648182e+00
6.897911705949119288e+00
1.179232354874052646e+01
5.760690488794116604e+00
1.398629835594442028e+01
3.486234698203102056e+00
8.678034072570810054e+00
3.733622054698024773e+00
1.179232354874052646e+01
1.808301299645871385e+00
1.830842807182371246e+00
1.519701665606762342e+00
1.955215946973757557e+00
4.405553507134619906e+00
3.769656614340512579e+00
2.462627208582242488e+00
3.571407438589082606e+00
1.947984362959267468e+00
1.794923486933961421e+00
4.341567762109392881e+00
2.782273821805790082e+00
5.319245908954468582e+00
1.930559949915447104e+00
8.678034072570810054e+00
1.806027593512753437e+00
5.938555968349024106e+00
4.544599325704925974e+00
2.389241457164998916e+00
1.039908330077200382e+01
3.486234698203102056e+00
3.154863010022843639e+00
2.721719722625026705e+00
1.837074903544506643e+00
1.570666417759514211e+00
1.837074903544506643e+00
1.398629835594442028e+01
1.039908330077200382e+01
2.261065567282741995e+00
6.897911705949119288e+00
1.263011964262077180e+00
5.319245908954468582e+00
2.094418413124658152e+00
2.048964818631229257e+00
2.056171262239050890e+00
6.897911705949119288e+00
7.624787803043177270e+00
4.115858574785381307e+00
3.886349915492472107e+00
7.624787803043177270e+00
3.271789301742745071e+00
1.330649257017188614e+00
9.416914236192898358e+00
1.398629835594442028e+01
2.450624889800860018e+00
1.398629835594442028e+01
1.179232354874052646e+01
4.700931397034700865e+00
4.473116886549839855e+00
2.037256152173378965e+00
7.624787803043177270e+00
9.416914236192898358e+00
1.398629835594442028e+01
3.928432270049376118e+00
1.721800723485934270e+00
1.792753986651567377e+00
1.466414890376050995e+00
7.624787803043177270e+00
1.968254011865724351e+00
1.815232394394834303e+00
2.600362969809127289e+00
1.973997266609169410e+00
1.075121948762695068e+00
2.230184455565479951e+00
2.261065567282741995e+00
2.257085722832981478e+00
5.195979376524188176e+00
6.610073730275682458e+00
1.179232354874052646e+01
1.159636347795261813e+00
1.113490795277334078e+00
2.294236019074040289e+00
2.506948227443301036e+00
9.416914236192898358e+00
2.577365326119689826e+00
1.205530605423038137e+00
1.153629773704127892e+00
1.602033902233566121e+00
6.358606592409067559e+00
1.684116438317022624e+00
8.678034072570810054e+00
5.082138707842611680e+00
1.628458999512900851e+00
1.629021287532544049e+00
4.473116886549839855e+00
5.938555968349024106e+00
9.416914236192898358e+00
5.319245908954468582e+00
4.786736248424851681e+00
9.416914236192898358e+00
1.398629835594442028e+01
2.731409685221252381e+00
5.938555968349024106e+00
2.450624889800860018e+00
2.885492545342460691e+00
6.136517930958749645e+00
9.416914236192898358e+00
1.398629835594442028e+01
6.610073730275682458e+00
2.600362969809127289e+00
1.274591372335017070e+00
7.231669299910323367e+00
7.624787803043177270e+00
4.544599325704925974e+00
4.620389377369722439e+00
4.405553507134619906e+00
1.398629835594442028e+01
3.733622054698024773e+00
2.600362969809127289e+00
6.610073730275682458e+00
4.544599325704925974e+00
3.037823084271166429e+00
5.453294890550574259e+00
1.398629835594442028e+01
1.398629835594442028e+01
3.601676278092701633e+00
2.219142236511675303e+00
5.453294890550574259e+00
1.039908330077200382e+01
4.976593774190632757e+00
9.416914236192898358e+00
3.251059244529220571e+00
3.037823084271166429e+00
6.897911705949119288e+00
6.358606592409067559e+00
1.179232354874052646e+01
1.179232354874052646e+01
2.885492545342460691e+00
4.405553507134619906e+00
4.168228764679975384e+00
2.861105609394871685e+00
3.211150847236301953e+00
1.179232354874052646e+01
1.179232354874052646e+01
5.082138707842611680e+00
5.599771011072511406e+00
4.700931397034700865e+00
4.018052477870398320e+00
4.223157861610916441e+00
6.136517930958749645e+00
8.096900009026395395e+00
2.624331309851516192e+00
3.601676278092701633e+00
8.678034072570810054e+00
4.544599325704925974e+00
4.115858574785381307e+00
6.136517930958749645e+00
2.562541477821151492e+00
3.360430623882499912e+00
4.018052477870398320e+00
1.039908330077200382e+01
5.082138707842611680e+00
8.678034072570810054e+00
6.358606592409067559e+00
5.760690488794116604e+00
5.938555968349024106e+00
3.408561838594738269e+00
1.378625554882483950e+00
5.195979376524188176e+00
3.571407438589082606e+00
4.405553507134619906e+00
5.938555968349024106e+00
5.938555968349024106e+00
1.398629835594442028e+01
5.453294890550574259e+00
5.195979376524188176e+00
1.538718987045282649e+00
1.398629835594442028e+01
1.039908330077200382e+01
6.897911705949119288e+00
1.441521906968956879e+00
5.938555968349024106e+00
8.678034072570810054e+00
3.972290858234542643e+00
2.803830237199933517e+00
4.878394624674863067e+00
1.942660841463103916e+00
1.363738974739878707e+00
3.571407438589082606e+00
8.678034072570810054e+00
4.620389377369722439e+00
2.873187242288851362e+00
2.992881877159055737e+00
3.173174188550006658e+00
2.405251979736009904e+00
3.293066527421812495e+00
9.416914236192898358e+00
5.453294890550574259e+00
5.453294890550574259e+00
1.398629835594442028e+01
1.039908330077200382e+01
4.018052477870398320e+00
2.161451564789572011e+00
6.358606592409067559e+00
2.885492545342460691e+00
2.761427962779658074e+00
6.358606592409067559e+00
1.179232354874052646e+01
1.874584555473808312e+00
5.599771011072511406e+00
6.136517930958749645e+00
2.600362969809127289e+00
6.610073730275682458e+00
2.978511558928810921e+00
6.136517930958749645e+00
6.136517930958749645e+00
1.637045166256003714e+00
1.693570196418056062e+00
2.548103645368455794e+00
3.733622054698024773e+00
5.938555968349024106e+00
6.610073730275682458e+00
1.398629835594442028e+01
8.678034072570810054e+00
4.280858269067012500e+00
9.416914236192898358e+00
1.675017056972051055e+00
1.306761864353157554e+00
1.775978699948156159e+00
1.332408778085894863e+00
2.433131022740910421e+00
1.398629835594442028e+01
4.280858269067012500e+00
8.096900009026395395e+00
5.938555968349024106e+00
1.398629835594442028e+01
5.319245908954468582e+00
1.179232354874052646e+01
7.624787803043177270e+00
9.416914236192898358e+00
2.826137951791407588e+00
1.179232354874052646e+01
1.039908330077200382e+01
2.399857523051045938e+00
7.624787803043177270e+00
4.976593774190632757e+00
4.280858269067012500e+00
4.473116886549839855e+00
1.319443147457705301e+00
4.700931397034700865e+00
1.126219966052432353e+00
2.923820937566300238e+00
1.039908330077200382e+01
1.428008621294987179e+00
2.493900867892873130e+00
2.161451564789572011e+00
1.867539113835004816e+00
8.678034072570810054e+00
1.039908330077200382e+01
1.398629835594442028e+01
2.923820937566300238e+00
1.398629835594442028e+01
3.845928459108548747e+00
2.548103645368455794e+00
4.976593774190632757e+00
4.065856891298627929e+00
9.416914236192898358e+00
1.216677052274611537e+00
2.171073355924248105e+00
3.972290858234542643e+00
1.398629835594442028e+01
2.245355332279880933e+00
2.334656460882007956e+00
3.102434947113386521e+00
3.601676278092701633e+00
1.179232354874052646e+01
2.885492545342460691e+00
5.195979376524188176e+00
5.760690488794116604e+00
8.096900009026395395e+00
3.513735171890392195e+00
1.600052931032661441e+00
1.665589601607677217e+00
2.208374860764457104e+00
5.082138707842611680e+00
2.230184455565479951e+00
4.878394624674863067e+00
1.511347699675535061e+00
2.506948227443301036e+00
1.862016541615383325e+00
5.195979376524188176e+00
2.541024365102452442e+00
1.398629835594442028e+01
9.416914236192898358e+00
5.599771011072511406e+00
4.786736248424851681e+00
1.398629835594442028e+01
5.453294890550574259e+00
3.601676278092701633e+00
3.230853584175824800e+00
5.599771011072511406e+00
1.398629835594442028e+01
2.632548248018265813e+00
3.845928459108548747e+00
5.195979376524188176e+00
2.657919838858120443e+00
2.191010190989294504e+00
2.184258738671068123e+00
1.179232354874052646e+01
9.416914236192898358e+00
2.702789828280608209e+00
5.760690488794116604e+00
1.179232354874052646e+01
1.250876921644517692e+00
1.637629392189619448e+00
1.398629835594442028e+01
9.416914236192898358e+00
7.624787803043177270e+00
6.610073730275682458e+00
4.473116886549839855e+00
1.179232354874052646e+01
3.037823084271166429e+00
1.389266128099876374e+00
1.398629835594442028e+01
1.787402424534638046e+00
1.304115714604734855e+00
1.857939043089982700e+00
4.115858574785381307e+00
1.198780211447480148e+00
2.584927363613700457e+00
2.624331309851516192e+00
8.096900009026395395e+00
1.398629835594442028e+01
1.481892629428915198e+00
2.249231109365875447e+00
7.231669299910323367e+00
4.223157861610916441e+00
1.179232354874052646e+01
6.897911705949119288e+00
5.319245908954468582e+00
1.179232354874052646e+01
2.721719722625026705e+00
1.179232354874052646e+01
1.179232354874052646e+01
4.223157861610916441e+00
5.319245908954468582e+00
4.786736248424851681e+00
8.678034072570810054e+00
2.316258264329746019e+00
1.947984362959267468e+00
8.096900009026395395e+00
4.473116886549839855e+00
1.179232354874052646e+01
8.678034072570810054e+00
8.096900009026395395e+00
2.053753637518415331e+00
1.183748461102025917e+00
2.241513252978981630e+00
1.423880449966863582e+00
9.416914236192898358e+00
7.231669299910323367e+00
2.649339640162833298e+00
8.096900009026395395e+00
2.541024365102452442e+00
2.378849195377106263e+00
4.065856891298627929e+00
2.950626275468136495e+00
2.012742603691572540e+00
1.219812355180263541e+00
4.018052477870398320e+00
2.028150016985720505e+00
2.885492545342460691e+00
8.096900009026395395e+00
1.441521906968956879e+00
1.225573722440805202e+00
1.889172789254548013e+00
1.398629835594442028e+01
1.179232354874052646e+01
1.398629835594442028e+01
1.725982898375475028e+00
1.488115239803875056e+00
2.071012635387034617e+00
2.592592467664705858e+00
2.285713591526753241e+00
7.624787803043177270e+00
1.360414935746598664e+00
5.760690488794116604e+00
2.640883416478467360e+00
6.136517930958749645e+00
1.039908330077200382e+01
1.179232354874052646e+01
2.086457170713803322e+00
2.702789828280608209e+00
1.179232354874052646e+01
1.378088011940060253e+00
3.807062732691569362e+00
6.358606592409067559e+00
1.214149469813504467e+00
2.506948227443301036e+00
1.675704924785059280e+00
1.815232394394834303e+00
6.358606592409067559e+00
1.179232354874052646e+01
4.065856891298627929e+00
4.544599325704925974e+00
1.360297798627226884e+00
4.878394624674863067e+00
2.110846595824648730e+00
1.736305328248197055e+00
8.678034072570810054e+00
6.358606592409067559e+00
1.179232354874052646e+01
9.416914236192898358e+00
1.398629835594442028e+01
2.023680666525167648e+00
1.942660841463103916e+00
2.329989077118142404e+00
1.418964278909288446e+00
1.503662126917959085e+00
9.416914236192898358e+00
3.459565571344153323e+00
4.976593774190632757e+00
4.700931397034700865e+00
4.018052477870398320e+00
1.398629835594442028e+01
1.677780440481116520e+00
1.939158292294280717e+00
5.319245908954468582e+00
5.082138707842611680e+00
9.416914236192898358e+00
4.544599325704925974e+00
3.337360685384656023e+00
1.511662032297553804e+00
7.231669299910323367e+00
5.599771011072511406e+00
1.712034316144064761e+00
3.886349915492472107e+00
9.416914236192898358e+00
1.695057530250765110e+00
7.231669299910323367e+00
1.572385295503747393e+00
3.459565571344153323e+00
2.506948227443301036e+00
1.398629835594442028e+01
1.179232354874052646e+01
1.398629835594442028e+01
8.678034072570810054e+00
1.179232354874052646e+01
4.341567762109392881e+00
1.480569242432056232e+00
2.541024365102452442e+00
5.760690488794116604e+00
3.069418688761713643e+00
4.065856891298627929e+00
4.280858269067012500e+00
9.416914236192898358e+00
1.398629835594442028e+01
5.599771011072511406e+00
7.231669299910323367e+00
1.179232354874052646e+01
1.398629835594442028e+01
3.698878228091092790e+00
8.096900009026395395e+00
5.082138707842611680e+00
3.698878228091092790e+00
2.032674798815480521e+00
3.251059244529220571e+00
8.096900009026395395e+00
1.398629835594442028e+01
1.764034449980289354e+00
1.586220302787682668e+00
1.781113038153766981e+00
2.353798308609992951e+00
3.542110502930233107e+00
3.513735171890392195e+00
4.976593774190632757e+00
1.550726520664753583e+00
8.678034072570810054e+00
2.826137951791407588e+00
7.231669299910323367e+00
6.610073730275682458e+00
1.078223112611744305e+00
1.583469061650092824e+00
3.665350790092954725e+00
2.837587178760800022e+00
2.640883416478467360e+00
2.399857523051045938e+00
2.721719722625026705e+00
4.223157861610916441e+00
2.562541477821151492e+00
3.191930765070057685e+00
1.438234459363333606e+00
8.096900009026395395e+00
8.678034072570810054e+00
1.478472967608508437e+00
1.398629835594442028e+01
8.678034072570810054e+00
1.109360833233598909e+00
2.145899026308645485e+00
2.014903856650893665e+00
4.168228764679975384e+00
2.405251979736009904e+00
2.061053771792161093e+00
1.039908330077200382e+01
4.341567762109392881e+00
4.341567762109392881e+00
6.610073730275682458e+00
2.632548248018265813e+00
5.760690488794116604e+00
4.280858269067012500e+00
8.678034072570810054e+00
2.127989266991883621e+00
1.370401163004739686e+00
3.513735171890392195e+00
1.838337200886246414e+00
1.398629835594442028e+01
7.231669299910323367e+00
3.022527077779549209e+00
3.173174188550006658e+00
7.624787803043177270e+00
2.108060293842117350e+00
1.511976910071182179e+00
5.760690488794116604e+00
1.772943392352517522e+00
1.325964822667191623e+00
3.886349915492472107e+00
2.534035564788753359e+00
1.179232354874052646e+01
2.099818125488933873e+00
8.678034072570810054e+00
1.039908330077200382e+01
3.251059244529220571e+00
6.610073730275682458e+00
3.459565571344153323e+00
3.230853584175824800e+00
6.610073730275682458e+00
5.599771011072511406e+00
2.837587178760800022e+00
1.966360704255172065e+00
4.544599325704925974e+00
4.473116886549839855e+00
2.456591210813403148e+00
3.886349915492472107e+00
4.115858574785381307e+00
1.851262396662405108e+00
1.591360612220193982e+00
1.765010058730791975e+00
6.358606592409067559e+00
6.136517930958749645e+00
4.544599325704925974e+00
1.323518709816942529e+00
4.168228764679975384e+00
3.384154002867322930e+00
1.039908330077200382e+01
1.039908330077200382e+01
4.280858269067012500e+00
2.624331309851516192e+00
2.600362969809127289e+00
8.096900009026395395e+00
3.251059244529220571e+00
1.899802017470482163e+00
8.678034072570810054e+00
3.007550279977043939e+00
9.416914236192898358e+00
9.416914236192898358e+00
8.678034072570810054e+00
2.616229867989665170e+00
4.786736248424851681e+00
1.398629835594442028e+01
2.249231109365875447e+00
1.179232354874052646e+01
9.416914236192898358e+00
1.039908330077200382e+01
3.085742730838076042e+00
9.416914236192898358e+00
8.096900009026395395e+00
4.700931397034700865e+00
7.231669299910323367e+00
5.453294890550574259e+00
5.082138707842611680e+00
1.398629835594442028e+01
2.180923220552969610e+00
3.972290858234542643e+00
8.678034072570810054e+00
5.319245908954468582e+00
9.416914236192898358e+00
3.007550279977043939e+00
3.571407438589082606e+00
3.007550279977043939e+00
8.096900009026395395e+00
3.173174188550006658e+00
2.094418413124658152e+00
7.231669299910323367e+00
3.698878228091092790e+00
7.624787803043177270e+00
1.039908330077200382e+01
1.179232354874052646e+01
4.544599325704925974e+00
3.314915093660648182e+00
2.421793639372847196e+00
5.453294890550574259e+00
6.897911705949119288e+00
2.861105609394871685e+00
5.760690488794116604e+00
2.373734583566903922e+00
2.600362969809127289e+00
8.678034072570810054e+00
4.405553507134619906e+00
5.760690488794116604e+00
1.402864864195204175e+00
2.358705811963931254e+00
3.632971226107808871e+00
2.885492545342460691e+00
2.006335862824390581e+00
2.803830237199933517e+00
8.096900009026395395e+00
4.878394624674863067e+00
4.620389377369722439e+00
1.398629835594442028e+01
1.039908330077200382e+01
2.950626275468136495e+00
4.544599325704925974e+00
6.358606592409067559e+00
1.039908330077200382e+01
7.624787803043177270e+00
1.398629835594442028e+01
3.408561838594738269e+00
7.624787803043177270e+00
1.398629835594442028e+01
1.513241903918645770e+00
2.348940432796867483e+00
3.928432270049376118e+00
7.231669299910323367e+00
1.844730138050878709e+00
3.665350790092954725e+00
1.800421279104389427e+00
1.599560552300374638e+00
2.873187242288851362e+00
2.826137951791407588e+00
2.849241035599817451e+00
1.179232354874052646e+01
1.179232354874052646e+01
3.733622054698024773e+00
1.272917815738890734e+00
9.416914236192898358e+00
6.358606592409067559e+00
1.269862387787991764e+00
3.886349915492472107e+00
1.303753260108364120e+00
1.072104026843597735e+00
1.532281102799874617e+00
1.736305328248197055e+00
4.115858574785381307e+00
1.951580795715425420e+00
1.674331158944195153e+00
2.083839485416548065e+00
1.310855561505964051e+00
3.136980091804868032e+00
2.910802040512921351e+00
7.624787803043177270e+00
8.096900009026395395e+00
2.950626275468136495e+00
3.408561838594738269e+00
1.981806378664382695e+00
2.600362969809127289e+00
3.154863010022843639e+00
2.861105609394871685e+00
1.179232354874052646e+01
1.917252748664020290e+00
1.183032734193026903e+00
4.405553507134619906e+00
4.405553507134619906e+00
2.693542336525760028e+00
2.373734583566903922e+00
2.339370301369074312e+00
1.955215946973757557e+00
6.610073730275682458e+00
3.601676278092701633e+00
8.096900009026395395e+00
3.293066527421812495e+00
1.962605184504187195e+00
3.972290858234542643e+00
2.592592467664705858e+00
3.632971226107808871e+00
6.897911705949119288e+00
2.269132929873628690e+00
1.039908330077200382e+01
2.761427962779658074e+00
1.979837573903036496e+00
3.433687235784068648e+00
1.039908330077200382e+01
1.039908330077200382e+01
5.319245908954468582e+00
1.652743961729453925e+00
1.798209334120603353e+00
1.788464590172785584e+00
1.398629835594442028e+01
5.319245908954468582e+00
7.624787803043177270e+00
9.416914236192898358e+00
2.450624889800860018e+00
2.616229867989665170e+00
3.136980091804868032e+00
1.398629835594442028e+01
9.416914236192898358e+00
8.678034072570810054e+00
3.845928459108548747e+00
2.086457170713803322e+00
7.624787803043177270e+00
8.678034072570810054e+00
4.878394624674863067e+00
1.039908330077200382e+01
3.102434947113386521e+00
7.624787803043177270e+00
1.039908330077200382e+01
1.398629835594442028e+01
1.179232354874052646e+01
9.416914236192898358e+00
7.231669299910323367e+00
1.398629835594442028e+01
7.624787803043177270e+00
1.398629835594442028e+01
7.231669299910323367e+00
5.599771011072511406e+00
8.096900009026395395e+00
1.398629835594442028e+01
1.398629835594442028e+01
1.398629835594442028e+01
6.610073730275682458e+00
1.039908330077200382e+01
7.231669299910323367e+00
2.898028413325541841e+00
8.678034072570810054e+00
1.398629835594442028e+01
2.384017838084120822e+00
1.637045166256003714e+00
1.906038887822977035e+00
3.433687235784068648e+00
1.809444951033591487e+00
4.878394624674863067e+00
3.230853584175824800e+00
5.938555968349024106e+00
6.358606592409067559e+00
4.878394624674863067e+00
2.741254929226880854e+00
5.760690488794116604e+00
9.416914236192898358e+00
2.032674798815480521e+00
1.179232354874052646e+01
3.230853584175824800e+00
8.678034072570810054e+00
6.358606592409067559e+00
1.179232354874052646e+01
3.486234698203102056e+00
1.039908330077200382e+01
3.542110502930233107e+00
5.760690488794116604e+00
1.039908330077200382e+01
1.398629835594442028e+01
2.873187242288851362e+00
4.341567762109392881e+00
8.096900009026395395e+00
6.610073730275682458e+00
6.358606592409067559e+00
3.807062732691569362e+00
1.501270713320197903e+00
8.096900009026395395e+00
1.507617671548016514e+00
2.032674798815480521e+00
9.416914236192898358e+00
4.620389377369722439e+00
4.620389377369722439e+00
1.720146767444260316e+00
2.329989077118142404e+00
5.599771011072511406e+00
1.398629835594442028e+01
3.632971226107808871e+00
1.155046980777496568e+00
4.405553507134619906e+00
1.604536224116212217e+00
1.883255678433888081e+00
2.127989266991883621e+00
4.700931397034700865e+00
1.210380697783704607e+00
3.632971226107808871e+00
1.179232354874052646e+01
2.433131022740910421e+00
3.807062732691569362e+00
1.398629835594442028e+01
8.678034072570810054e+00
5.319245908954468582e+00
1.039908330077200382e+01
6.897911705949119288e+00
1.039908330077200382e+01
1.337362557657148399e+00
2.814887509662116649e+00
1.569386764988709659e+00
8.678034072570810054e+00
6.136517930958749645e+00
1.179232354874052646e+01
1.039908330077200382e+01
4.786736248424851681e+00
6.136517930958749645e+00
3.571407438589082606e+00
3.154863010022843639e+00
5.453294890550574259e+00
1.606559318959960514e+00
1.889172789254548013e+00
3.928432270049376118e+00
6.136517930958749645e+00
6.358606592409067559e+00
1.398629835594442028e+01
1.039908330077200382e+01
5.938555968349024106e+00
3.886349915492472107e+00
4.280858269067012500e+00
1.398629835594442028e+01
1.039908330077200382e+01
3.314915093660648182e+00
2.548103645368455794e+00
4.280858269067012500e+00
1.039908330077200382e+01
1.842156519960081562e+00
2.405251979736009904e+00
1.153144413072659358e+00
3.665350790092954725e+00
5.319245908954468582e+00
1.937420717991639396e+00
8.678034072570810054e+00
6.358606592409067559e+00
8.096900009026395395e+00
4.018052477870398320e+00
6.610073730275682458e+00
7.624787803043177270e+00
1.398629835594442028e+01
3.433687235784068648e+00
2.191010190989294504e+00
1.039908330077200382e+01
5.938555968349024106e+00
1.214041452375722807e+00
3.886349915492472107e+00
1.707288818082977278e+00
5.599771011072511406e+00
1.179232354874052646e+01
9.416914236192898358e+00
1.707288818082977278e+00
4.405553507134619906e+00
1.108944210966610555e+00
4.976593774190632757e+00
5.195979376524188176e+00
1.920529191245013978e+00
1.039908330077200382e+01
3.601676278092701633e+00
4.976593774190632757e+00
4.976593774190632757e+00
2.741254929226880854e+00
2.421793639372847196e+00
2.885492545342460691e+00
5.599771011072511406e+00
6.136517930958749645e+00
3.665350790092954725e+00
1.733686006842316329e+00
5.760690488794116604e+00
3.665350790092954725e+00
1.204955218245055359e+00
4.700931397034700865e+00
1.353904659869765270e+00
5.760690488794116604e+00
4.280858269067012500e+00
4.405553507134619906e+00
1.305283811091328738e+00
2.438896058458208671e+00
2.885492545342460691e+00
2.004225538955430430e+00
6.610073730275682458e+00
3.136980091804868032e+00
2.782273821805790082e+00
8.678034072570810054e+00
7.231669299910323367e+00
4.878394624674863067e+00
3.769656614340512579e+00
4.405553507134619906e+00
1.179232354874052646e+01
7.624787803043177270e+00
1.398629835594442028e+01
9.416914236192898358e+00
8.678034072570810054e+00
1.398629835594442028e+01
4.786736248424851681e+00
1.039908330077200382e+01
7.231669299910323367e+00
5.195979376524188176e+00
4.223157861610916441e+00
7.231669299910323367e+00
6.136517930958749645e+00
1.703401622340583454e+00
2.194426837954386755e+00
1.958890507294279271e+00
1.179232354874052646e+01
2.548103645368455794e+00
2.281511280254920671e+00
2.051351544139579097e+00
7.231669299910323367e+00
1.398629835594442028e+01
1.612222724285456321e+00
4.405553507134619906e+00
9.416914236192898358e+00
2.592592467664705858e+00
1.441937741705380693e+00
1.398629835594442028e+01
1.179232354874052646e+01
5.195979376524188176e+00
4.786736248424851681e+00
1.847326044840645665e+00
2.937092949591392887e+00
4.976593774190632757e+00
3.571407438589082606e+00
2.632548248018265813e+00
1.498034180477155752e+00
3.542110502930233107e+00
5.453294890550574259e+00
4.976593774190632757e+00
9.416914236192898358e+00
2.826137951791407588e+00
1.616436402405001971e+00
1.039908330077200382e+01
1.039908330077200382e+01
2.294236019074040289e+00
3.571407438589082606e+00
5.938555968349024106e+00
3.769656614340512579e+00
5.453294890550574259e+00
1.995907295605942933e+00
1.039908330077200382e+01
1.946200454808623581e+00
7.624787803043177270e+00
7.624787803043177270e+00
1.583925075038217223e+00
2.368673079661606895e+00
6.610073730275682458e+00
1.398629835594442028e+01
2.139840407142331369e+00
8.678034072570810054e+00
5.760690488794116604e+00
5.319245908954468582e+00
1.868935402517183153e+00
3.513735171890392195e+00
2.731409685221252381e+00
7.231669299910323367e+00
3.698878228091092790e+00
2.702789828280608209e+00
1.179232354874052646e+01
3.230853584175824800e+00
2.265081126183691840e+00
2.184258738671068123e+00
6.897911705949119288e+00
1.039908330077200382e+01
5.938555968349024106e+00
7.624787803043177270e+00
1.179232354874052646e+01
4.168228764679975384e+00
4.976593774190632757e+00
7.624787803043177270e+00
2.139840407142331369e+00
6.358606592409067559e+00
1.398629835594442028e+01
8.678034072570810054e+00
1.039908330077200382e+01
7.624787803043177270e+00
1.398629835594442028e+01
4.280858269067012500e+00
3.173174188550006658e+00
3.972290858234542643e+00
5.938555968349024106e+00
7.231669299910323367e+00
1.583469061650092824e+00
2.861105609394871685e+00
1.039908330077200382e+01
4.878394624674863067e+00
4.341567762109392881e+00
3.733622054698024773e+00
5.938555968349024106e+00
2.885492545342460691e+00
4.341567762109392881e+00
3.807062732691569362e+00
8.096900009026395395e+00
2.624331309851516192e+00
1.179232354874052646e+01
2.320790702532501193e+00
1.399222879006560394e+00
1.242698972627880094e+00
1.384966183302020148e+00
2.068498250266853411e+00
2.184258738671068123e+00
2.307323386490875983e+00
2.215523133194084338e+00
5.453294890550574259e+00
6.610073730275682458e+00
2.091746430803133272e+00
1.455402143455265529e+00
2.632548248018265813e+00
3.136980091804868032e+00
3.571407438589082606e+00
1.398629835594442028e+01
2.923820937566300238e+00
7.231669299910323367e+00
2.731409685221252381e+00
5.760690488794116604e+00
6.610073730275682458e+00
5.599771011072511406e+00
1.398629835594442028e+01
2.487495501406502996e+00
6.358606592409067559e+00
1.179232354874052646e+01
1.179232354874052646e+01
1.398629835594442028e+01
3.571407438589082606e+00
5.938555968349024106e+00
3.632971226107808871e+00
3.314915093660648182e+00
2.037256152173378965e+00
3.314915093660648182e+00
5.319245908954468582e+00
1.292566127348090177e+00
5.938555968349024106e+00
1.803771820229231215e+00
3.769656614340512579e+00
9.416914236192898358e+00
4.341567762109392881e+00
1.776997957041393628e+00
3.173174188550006658e+00
2.826137951791407588e+00
6.358606592409067559e+00
6.897911705949119288e+00
3.314915093660648182e+00
6.610073730275682458e+00
1.681985934414658601e+00
2.122192516203067036e+00
2.826137951791407588e+00
3.807062732691569362e+00
7.231669299910323367e+00
1.535472780347278965e+00
1.720972408847302404e+00
7.624787803043177270e+00
7.231669299910323367e+00
9.416914236192898358e+00
3.102434947113386521e+00
5.938555968349024106e+00
4.473116886549839855e+00
8.678034072570810054e+00
6.136517930958749645e+00
1.039908330077200382e+01
1.143786507689877885e+00
7.624787803043177270e+00
2.427430610782826292e+00
2.416218955244159083e+00
2.814887509662116649e+00
2.334656460882007956e+00
2.803830237199933517e+00
1.804897479832292317e+00
1.144637807696624154e+00
1.398629835594442028e+01
1.038695015123316079e+00
1.179232354874052646e+01
3.665350790092954725e+00
3.433687235784068648e+00
4.878394624674863067e+00
5.195979376524188176e+00
2.992881877159055737e+00
1.732818718868162300e+00
4.544599325704925974e+00
3.069418688761713643e+00
5.453294890550574259e+00
2.592592467664705858e+00
1.600546451022113903e+00
7.231669299910323367e+00
8.096900009026395395e+00
1.039908330077200382e+01
1.634723259447198096e+00
7.624787803043177270e+00
4.473116886549839855e+00
1.039908330077200382e+01
2.094418413124658152e+00
1.398629835594442028e+01
5.082138707842611680e+00
4.620389377369722439e+00
8.678034072570810054e+00
2.562541477821151492e+00
3.459565571344153323e+00
1.349636732912777859e+00
7.624787803043177270e+00
4.700931397034700865e+00
4.700931397034700865e+00
8.096900009026395395e+00
9.416914236192898358e+00
4.786736248424851681e+00
3.807062732691569362e+00
2.992881877159055737e+00
5.453294890550574259e+00
6.897911705949119288e+00
3.022527077779549209e+00
4.115858574785381307e+00
1.039908330077200382e+01
1.398629835594442028e+01
3.972290858234542643e+00
9.416914236192898358e+00
3.601676278092701633e+00
1.446585974786338991e+00
1.179232354874052646e+01
4.976593774190632757e+00
1.993857910295951941e+00
3.102434947113386521e+00
1.947984362959267468e+00
8.678034072570810054e+00
1.179232354874052646e+01
2.803830237199933517e+00
1.179232354874052646e+01
8.678034072570810054e+00
1.398629835594442028e+01
1.039908330077200382e+01
6.136517930958749645e+00
7.231669299910323367e+00
6.358606592409067559e+00
3.314915093660648182e+00
6.897911705949119288e+00
1.039908330077200382e+01
1.179232354874052646e+01
9.416914236192898358e+00
6.897911705949119288e+00
3.230853584175824800e+00
1.398629835594442028e+01
4.405553507134619906e+00
4.878394624674863067e+00
1.522017273659597159e+00
1.179232354874052646e+01
5.453294890550574259e+00
1.179232354874052646e+01
5.938555968349024106e+00
3.665350790092954725e+00
1.398629835594442028e+01
3.486234698203102056e+00
2.978511558928810921e+00
7.231669299910323367e+00
1.906038887822977035e+00
3.665350790092954725e+00
1.394155927295850139e+00
2.017078158385880116e+00
5.599771011072511406e+00
2.577365326119689826e+00
2.751259591213044420e+00
5.938555968349024106e+00
1.866149129862513689e+00
8.096900009026395395e+00
3.928432270049376118e+00
2.058604584203729271e+00
1.039908330077200382e+01
6.610073730275682458e+00
1.398629835594442028e+01
5.760690488794116604e+00
4.473116886549839855e+00
4.018052477870398320e+00
1.987780351244256449e+00
2.873187242288851362e+00
1.039908330077200382e+01
6.897911705949119288e+00
5.195979376524188176e+00
2.885492545342460691e+00
7.624787803043177270e+00
1.830842807182371246e+00
1.395367615428663388e+00
1.039908330077200382e+01
6.897911705949119288e+00
5.599771011072511406e+00
4.878394624674863067e+00
8.096900009026395395e+00
7.231669299910323367e+00
1.039908330077200382e+01
3.886349915492472107e+00
4.473116886549839855e+00
3.337360685384656023e+00
8.678034072570810054e+00
3.360430623882499912e+00
5.195979376524188176e+00
7.231669299910323367e+00
5.760690488794116604e+00
6.897911705949119288e+00
4.976593774190632757e+00
1.742521003668237700e+00
4.280858269067012500e+00
5.453294890550574259e+00
3.571407438589082606e+00
5.599771011072511406e+00
3.119509200577058827e+00
1.179232354874052646e+01
1.039908330077200382e+01
6.136517930958749645e+00
5.599771011072511406e+00
1.398629835594442028e+01
1.564347867895719002e+00
3.665350790092954725e+00
2.693542336525760028e+00
1.039908330077200382e+01
3.632971226107808871e+00
9.416914236192898358e+00
4.018052477870398320e+00
5.599771011072511406e+00
1.179232354874052646e+01
2.837587178760800022e+00
1.179232354874052646e+01
9.416914236192898358e+00
5.453294890550574259e+00
1.586682406345695462e+00
1.398629835594442028e+01
3.972290858234542643e+00
3.053449648393774751e+00
1.398629835594442028e+01
1.179232354874052646e+01
1.179232354874052646e+01
5.760690488794116604e+00
6.897911705949119288e+00
2.353798308609992951e+00
2.226472467437354830e+00
6.610073730275682458e+00
6.610073730275682458e+00
6.610073730275682458e+00
6.358606592409067559e+00
3.886349915492472107e+00
8.678034072570810054e+00
1.327296860756862484e+00
4.878394624674863067e+00
6.897911705949119288e+00
3.972290858234542643e+00
6.897911705949119288e+00
1.898261619404849165e+00
2.320790702532501193e+00
2.541024365102452442e+00
2.649339640162833298e+00
6.897911705949119288e+00
1.039908330077200382e+01
3.632971226107808871e+00
1.398629835594442028e+01
5.760690488794116604e+00
1.179232354874052646e+01
4.168228764679975384e+00
1.179232354874052646e+01
3.191930765070057685e+00
3.601676278092701633e+00
4.341567762109392881e+00
3.845928459108548747e+00
2.325367401599962136e+00
5.453294890550574259e+00
1.398629835594442028e+01
1.039908330077200382e+01
1.179232354874052646e+01
7.231669299910323367e+00
9.416914236192898358e+00
4.976593774190632757e+00
2.222791872560072157e+00
2.577365326119689826e+00
1.748886858071036832e+00
5.453294890550574259e+00
1.398629835594442028e+01
1.179232354874052646e+01
4.544599325704925974e+00
2.898028413325541841e+00
4.168228764679975384e+00
3.085742730838076042e+00
1.259975573322886122e+00
2.108060293842117350e+00
2.702789828280608209e+00
1.398629835594442028e+01
3.136980091804868032e+00
4.976593774190632757e+00
8.678034072570810054e+00
6.610073730275682458e+00
8.678034072570810054e+00
4.976593774190632757e+00
9.416914236192898358e+00
6.358606592409067559e+00
6.610073730275682458e+00
2.761427962779658074e+00
1.862016541615383325e+00
8.096900009026395395e+00
6.610073730275682458e+00
1.662311553778937689e+00
1.246511505101712380e+00
1.166355557258133890e+00
1.928866762260708967e+00
1.557019877755382087e+00
3.807062732691569362e+00
6.358606592409067559e+00
4.786736248424851681e+00
2.329989077118142404e+00
4.620389377369722439e+00
1.622365900749750844e+00
9.416914236192898358e+00
8.678034072570810054e+00
3.384154002867322930e+00
3.384154002867322930e+00
1.179232354874052646e+01
4.976593774190632757e+00
2.265081126183691840e+00
1.179232354874052646e+01
2.666627031328418163e+00
5.319245908954468582e+00
7.231669299910323367e+00
3.102434947113386521e+00
7.231669299910323367e+00
1.039908330077200382e+01
6.610073730275682458e+00
2.487495501406502996e+00
2.177614043364521912e+00
2.541024365102452442e+00
2.506948227443301036e+00
1.179232354874052646e+01
9.416914236192898358e+00
3.698878228091092790e+00
3.360430623882499912e+00
1.398629835594442028e+01
8.096900009026395395e+00
1.332782576639043315e+00
4.341567762109392881e+00
1.179232354874052646e+01
4.341567762109392881e+00
2.002127639382444979e+00
3.733622054698024773e+00
2.171073355924248105e+00
2.992881877159055737e+00
4.115858574785381307e+00
4.473116886549839855e+00
7.624787803043177270e+00
9.416914236192898358e+00
9.416914236192898358e+00
1.039908330077200382e+01
7.231669299910323367e+00
5.599771011072511406e+00
6.897911705949119288e+00
7.231669299910323367e+00
1.039908330077200382e+01
4.878394624674863067e+00
3.037823084271166429e+00
4.878394624674863067e+00
4.405553507134619906e+00
1.039908330077200382e+01
1.179232354874052646e+01
5.319245908954468582e+00
5.599771011072511406e+00
5.599771011072511406e+00
2.600362969809127289e+00
1.901349883263786511e+00
1.973997266609169410e+00
3.632971226107808871e+00
4.700931397034700865e+00
5.195979376524188176e+00
6.136517930958749645e+00
1.398629835594442028e+01
4.018052477870398320e+00
7.231669299910323367e+00
8.096900009026395395e+00
1.398629835594442028e+01
4.878394624674863067e+00
5.453294890550574259e+00
1.179232354874052646e+01
4.405553507134619906e+00
2.761427962779658074e+00
2.021466430468567665e+00
1.390582724374222368e+00
1.303247863142598106e+00
4.786736248424851681e+00
7.624787803043177270e+00
2.837587178760800022e+00
3.972290858234542643e+00
1.481892629428915198e+00
2.964429488561219017e+00
1.595662092227844386e+00
3.845928459108548747e+00
5.760690488794116604e+00
7.624787803043177270e+00
5.082138707842611680e+00
9.416914236192898358e+00
1.359132298328265431e+00
4.786736248424851681e+00
3.928432270049376118e+00
1.398629835594442028e+01
3.251059244529220571e+00
3.542110502930233107e+00
9.416914236192898358e+00
1.398629835594442028e+01
5.760690488794116604e+00
1.179232354874052646e+01
1.039908330077200382e+01
2.233928279899840330e+00
6.897911705949119288e+00
8.678034072570810054e+00
1.852586008325404876e+00
4.341567762109392881e+00
6.136517930958749645e+00
3.845928459108548747e+00
2.353798308609992951e+00
4.700931397034700865e+00
2.849241035599817451e+00
4.168228764679975384e+00
3.886349915492472107e+00
3.230853584175824800e+00
2.294236019074040289e+00
1.459068403239846212e+00
9.416914236192898358e+00
3.733622054698024773e+00
2.712181052790382907e+00
2.923820937566300238e+00
1.398629835594442028e+01
1.398629835594442028e+01
3.102434947113386521e+00
3.251059244529220571e+00
5.938555968349024106e+00
5.760690488794116604e+00
8.678034072570810054e+00
4.786736248424851681e+00
6.358606592409067559e+00
2.316258264329746019e+00
2.269132929873628690e+00
1.788464590172785584e+00
2.569904094831461983e+00
6.610073730275682458e+00
1.765010058730791975e+00
4.700931397034700865e+00
2.044236829223658347e+00
3.136980091804868032e+00
1.039908330077200382e+01
2.541024365102452442e+00
2.019265639014609981e+00
1.171940698879274656e+00
2.456591210813403148e+00
2.389241457164998916e+00
6.610073730275682458e+00
5.938555968349024106e+00
7.624787803043177270e+00
8.096900009026395395e+00
1.898261619404849165e+00
2.873187242288851362e+00
3.173174188550006658e+00
5.319245908954468582e+00
7.231669299910323367e+00
4.976593774190632757e+00
1.179232354874052646e+01
1.179232354874052646e+01
2.348940432796867483e+00
5.453294890550574259e+00
3.928432270049376118e+00
4.473116886549839855e+00
1.039908330077200382e+01
2.130919458987305060e+00
1.855250723105172472e+00
3.601676278092701633e+00
1.440075122829773679e+00
4.544599325704925974e+00
1.867539113835004816e+00
3.928432270049376118e+00
1.987780351244256449e+00
3.360430623882499912e+00
2.211934144629770671e+00
2.487495501406502996e+00
2.025908482840985236e+00
9.416914236192898358e+00
5.760690488794116604e+00
4.405553507134619906e+00
2.592592467664705858e+00
9.416914236192898358e+00
3.293066527421812495e+00
9.416914236192898358e+00
1.398629835594442028e+01
1.455855916228780078e+00
5.453294890550574259e+00
1.794923486933961421e+00
4.473116886549839855e+00
6.358606592409067559e+00
5.453294890550574259e+00
2.433131022740910421e+00
3.886349915492472107e+00
1.179232354874052646e+01
1.887683046514199381e+00
4.341567762109392881e+00
4.115858574785381307e+00
9.416914236192898358e+00
5.760690488794116604e+00
2.339370301369074312e+00
1.700334858104156410e+00
1.612744997418067427e+00
5.319245908954468582e+00
1.538355556952621495e+00
1.398629835594442028e+01
3.293066527421812495e+00
2.950626275468136495e+00
3.542110502930233107e+00
1.125387157127515803e+00
3.886349915492472107e+00
2.731409685221252381e+00
2.110846595824648730e+00
2.640883416478467360e+00
5.319245908954468582e+00
5.319245908954468582e+00
3.513735171890392195e+00
1.039908330077200382e+01
6.897911705949119288e+00
5.599771011072511406e+00
1.212070428537203703e+00
3.314915093660648182e+00
7.231669299910323367e+00
2.898028413325541841e+00
2.462627208582242488e+00
2.992881877159055737e+00
1.167009048869277477e+00
1.192140041099516878e+00
4.405553507134619906e+00
3.230853584175824800e+00
4.473116886549839855e+00
1.361829003989406095e+00
2.861105609394871685e+00
1.629021287532544049e+00
1.466172716999921910e+00
3.337360685384656023e+00
1.039908330077200382e+01
8.096900009026395395e+00
4.544599325704925974e+00
1.398629835594442028e+01
5.599771011072511406e+00
1.398629835594442028e+01
4.976593774190632757e+00
4.223157861610916441e+00
5.938555968349024106e+00
1.223810033465515756e+00
2.885492545342460691e+00
5.938555968349024106e+00
1.557820874041167869e+00
3.433687235784068648e+00
2.161451564789572011e+00
1.613793321356048693e+00
3.665350790092954725e+00
2.577365326119689826e+00
4.544599325704925974e+00
2.741254929226880854e+00
1.039908330077200382e+01
1.067055711326692524e+00
1.356605159076051059e+00
1.179232354874052646e+01
2.500384580221138187e+00
4.018052477870398320e+00
2.316258264329746019e+00
4.473116886549839855e+00
1.413513352892589836e+00
5.195979376524188176e+00
2.584927363613700457e+00
4.878394624674863067e+00
1.610663400770854681e+00
1.261055367418193018e+00
1.688434314328901786e+00
3.632971226107808871e+00
1.398629835594442028e+01
5.082138707842611680e+00
4.620389377369722439e+00
6.358606592409067559e+00
1.398629835594442028e+01
2.215523133194084338e+00
4.115858574785381307e+00
1.398629835594442028e+01
1.398629835594442028e+01
1.039908330077200382e+01
6.610073730275682458e+00
6.897911705949119288e+00
1.179232354874052646e+01
6.610073730275682458e+00
3.433687235784068648e+00
2.666627031328418163e+00
1.179232354874052646e+01
2.204844879275643876e+00
2.826137951791407588e+00
1.944425974876258456e+00
3.191930765070057685e+00
3.665350790092954725e+00
1.398629835594442028e+01
1.987780351244256449e+00
3.136980091804868032e+00
8.678034072570810054e+00
2.010594271171424197e+00
1.677086607123217554e+00
3.022527077779549209e+00
1.398629835594442028e+01
1.179232354874052646e+01
6.897911705949119288e+00
3.053449648393774751e+00
1.762093706559738404e+00
1.179232354874052646e+01
2.444726932093984395e+00
5.599771011072511406e+00
3.845928459108548747e+00
3.007550279977043939e+00
5.082138707842611680e+00
8.096900009026395395e+00
4.786736248424851681e+00
2.030405408476923856e+00
8.678034072570810054e+00
5.599771011072511406e+00
1.524362195957544186e+00
2.792960737629894830e+00
1.434022607496414858e+00
4.976593774190632757e+00
1.398629835594442028e+01
3.542110502930233107e+00
4.223157861610916441e+00
2.094418413124658152e+00
3.251059244529220571e+00
2.399857523051045938e+00
6.610073730275682458e+00
1.398629835594442028e+01
5.760690488794116604e+00
8.096900009026395395e+00
2.885492545342460691e+00
2.792960737629894830e+00
3.069418688761713643e+00
1.600546451022113903e+00
2.898028413325541841e+00
1.735429295495502622e+00
6.136517930958749645e+00
1.039908330077200382e+01
1.039908330077200382e+01
3.271789301742745071e+00
1.276460547380478872e+00
5.082138707842611680e+00
3.360430623882499912e+00
5.082138707842611680e+00
2.950626275468136495e+00
5.453294890550574259e+00
2.122192516203067036e+00
5.599771011072511406e+00
1.683404187842397315e+00
7.624787803043177270e+00
6.358606592409067559e+00
1.318446678641480574e+00
1.582107020181615864e+00
2.462627208582242488e+00
4.405553507134619906e+00
4.168228764679975384e+00
4.544599325704925974e+00
6.136517930958749645e+00
1.456538970771452224e+00
4.223157861610916441e+00
7.231669299910323367e+00
3.886349915492472107e+00
7.624787803043177270e+00
1.142733370833932449e+00
3.251059244529220571e+00
9.416914236192898358e+00
2.155159499064206230e+00
6.610073730275682458e+00
1.348246020283119018e+00
1.983786372907046847e+00
7.231669299910323367e+00
8.678034072570810054e+00
1.398629835594442028e+01
3.513735171890392195e+00
8.096900009026395395e+00
4.878394624674863067e+00
4.473116886549839855e+00
1.179232354874052646e+01
6.358606592409067559e+00
6.136517930958749645e+00
1.928866762260708967e+00
5.319245908954468582e+00
4.544599325704925974e+00
1.398629835594442028e+01
8.678034072570810054e+00
1.039908330077200382e+01
1.039908330077200382e+01
1.874584555473808312e+00
3.173174188550006658e+00
1.674331158944195153e+00
2.632548248018265813e+00
8.096900009026395395e+00
3.571407438589082606e+00
1.179232354874052646e+01
6.136517930958749645e+00
3.136980091804868032e+00
3.293066527421812495e+00
5.760690488794116604e+00
3.251059244529220571e+00
2.110846595824648730e+00
2.500384580221138187e+00
4.280858269067012500e+00
1.644759948868131705e+00
1.337654734648934474e+00
7.624787803043177270e+00
1.039908330077200382e+01
6.610073730275682458e+00
1.521684691894907404e+00
3.384154002867322930e+00
6.136517930958749645e+00
1.539083109407107131e+00
1.039908330077200382e+01
1.097300540874234009e+00
5.195979376524188176e+00
2.034958331521893538e+00
7.624787803043177270e+00
5.453294890550574259e+00
1.039908330077200382e+01
3.665350790092954725e+00
2.450624889800860018e+00
2.624331309851516192e+00
6.358606592409067559e+00
6.136517930958749645e+00
2.450624889800860018e+00
6.136517930958749645e+00
9.416914236192898358e+00
3.459565571344153323e+00
1.179232354874052646e+01
3.433687235784068648e+00
4.620389377369722439e+00
1.786344281516198507e+00
5.082138707842611680e+00
8.678034072570810054e+00
2.493900867892873130e+00
1.743421078972118288e+00
3.173174188550006658e+00
2.089092751786702173e+00
1.398629835594442028e+01
1.398629835594442028e+01
8.096900009026395395e+00
1.179232354874052646e+01
3.136980091804868032e+00
5.195979376524188176e+00
2.520321910585981318e+00
3.886349915492472107e+00
3.119509200577058827e+00
1.619650830355966464e+00
1.449398238012739260e+00
1.881793663900440006e+00
6.358606592409067559e+00
3.191930765070057685e+00
4.700931397034700865e+00
2.197871251686610794e+00
1.398629835594442028e+01
1.179232354874052646e+01
2.666627031328418163e+00
3.486234698203102056e+00
2.226472467437354830e+00
1.464727081691782562e+00
1.136589543282299219e+00
5.195979376524188176e+00
2.548103645368455794e+00
1.179232354874052646e+01
1.179232354874052646e+01
1.179232354874052646e+01
3.845928459108548747e+00
1.377686263285114343e+00
8.678034072570810054e+00
9.416914236192898358e+00
4.878394624674863067e+00
6.610073730275682458e+00
5.938555968349024106e+00
8.678034072570810054e+00
6.136517930958749645e+00
4.878394624674863067e+00
1.179232354874052646e+01
1.966360704255172065e+00
5.599771011072511406e+00
8.678034072570810054e+00
1.398629835594442028e+01
3.173174188550006658e+00
6.136517930958749645e+00
3.136980091804868032e+00
2.468734231955952207e+00
4.786736248424851681e+00
3.037823084271166429e+00
4.700931397034700865e+00
3.845928459108548747e+00
2.721719722625026705e+00
3.665350790092954725e+00
2.006335862824390581e+00
2.885492545342460691e+00
1.488115239803875056e+00
5.760690488794116604e+00
3.807062732691569362e+00
3.251059244529220571e+00
2.702789828280608209e+00
4.878394624674863067e+00
3.665350790092954725e+00
3.886349915492472107e+00
4.878394624674863067e+00
4.878394624674863067e+00
6.897911705949119288e+00
1.398629835594442028e+01
1.039908330077200382e+01
5.938555968349024106e+00
2.389241457164998916e+00
6.136517930958749645e+00
1.179232354874052646e+01
6.136517930958749645e+00
2.481166935347186797e+00
5.453294890550574259e+00
1.887683046514199381e+00
1.154333792998426755e+00
2.127989266991883621e+00
3.314915093660648182e+00
3.360430623882499912e+00
1.039908330077200382e+01
3.433687235784068648e+00
8.096900009026395395e+00
5.938555968349024106e+00
1.179232354874052646e+01
4.544599325704925974e+00
7.231669299910323367e+00
5.599771011072511406e+00
1.179232354874052646e+01
7.624787803043177270e+00
2.180923220552969610e+00
1.591834234669926573e+00
1.939158292294280717e+00
4.620389377369722439e+00
4.544599325704925974e+00
1.039908330077200382e+01
2.261065567282741995e+00
1.312568040354935794e+00
1.398629835594442028e+01
1.398629835594442028e+01
9.416914236192898358e+00
2.803830237199933517e+00
1.856591910986864491e+00
3.886349915492472107e+00
1.267253941434522968e+00
1.179232354874052646e+01
1.179232354874052646e+01
3.601676278092701633e+00
1.949777782024877837e+00
7.231669299910323367e+00
7.231669299910323367e+00
4.473116886549839855e+00
2.358705811963931254e+00
5.082138707842611680e+00
1.179232354874052646e+01
8.096900009026395395e+00
1.039908330077200382e+01
7.624787803043177270e+00
1.778020996166731260e+00
2.837587178760800022e+00
3.698878228091092790e+00
1.755408955546548189e+00
1.739839095426008342e+00
8.678034072570810054e+00
1.179232354874052646e+01
3.154863010022843639e+00
1.398629835594442028e+01
1.039908330077200382e+01
1.179232354874052646e+01
7.624787803043177270e+00
2.693542336525760028e+00
2.527135357484368683e+00
4.168228764679975384e+00
1.670930893494030123e+00
9.416914236192898358e+00
1.039908330077200382e+01
2.058604584203729271e+00
1.932261864625246073e+00
2.885492545342460691e+00
5.195979376524188176e+00
2.298557350582805636e+00
2.861105609394871685e+00
1.620191173622001823e+00
1.192299484415182631e+00
2.712181052790382907e+00
3.314915093660648182e+00
1.690622244833503318e+00
1.040763590819300699e+00
1.033368415556766839e+00
5.195979376524188176e+00
8.096900009026395395e+00
3.433687235784068648e+00
1.634723259447198096e+00
1.691355920659442624e+00
1.318529383277598388e+00
2.702789828280608209e+00
5.938555968349024106e+00
4.878394624674863067e+00
9.416914236192898358e+00
3.928432270049376118e+00
2.885492545342460691e+00
1.310932828478072132e+00
1.511662032297553804e+00
1.248997246754945722e+00
4.223157861610916441e+00
4.018052477870398320e+00
2.513593443840427710e+00
8.678034072570810054e+00
2.487495501406502996e+00
6.136517930958749645e+00
4.878394624674863067e+00
1.958890507294279271e+00
7.624787803043177270e+00
1.715248271035793026e+00
1.595662092227844386e+00
4.620389377369722439e+00
1.398629835594442028e+01
7.624787803043177270e+00
1.664930334848091498e+00
7.231669299910323367e+00
6.358606592409067559e+00
2.051351544139579097e+00
2.849241035599817451e+00
6.897911705949119288e+00
3.632971226107808871e+00
1.613268528111813538e+00
1.620732846884882949e+00
3.360430623882499912e+00
7.231669299910323367e+00
3.191930765070057685e+00
8.678034072570810054e+00
8.678034072570810054e+00
4.976593774190632757e+00
1.179232354874052646e+01
1.688434314328901786e+00
2.416218955244159083e+00
4.700931397034700865e+00
4.544599325704925974e+00
3.384154002867322930e+00
5.195979376524188176e+00
3.513735171890392195e+00
1.862016541615383325e+00
6.358606592409067559e+00
2.978511558928810921e+00
2.849241035599817451e+00
1.398629835594442028e+01
4.405553507134619906e+00
2.122192516203067036e+00
2.037256152173378965e+00
4.620389377369722439e+00
2.964429488561219017e+00
7.231669299910323367e+00
1.495716997934859682e+00
2.500384580221138187e+00
5.319245908954468582e+00
4.341567762109392881e+00
4.473116886549839855e+00
1.026507566236124713e+00
2.368673079661606895e+00
1.398629835594442028e+01
2.721719722625026705e+00
7.624787803043177270e+00
3.601676278092701633e+00
4.168228764679975384e+00
3.251059244529220571e+00
2.837587178760800022e+00
1.179232354874052646e+01
3.069418688761713643e+00
1.279676212344645236e+00
1.130523752477170074e+00
2.712181052790382907e+00
4.620389377369722439e+00
1.398629835594442028e+01
9.416914236192898358e+00
2.741254929226880854e+00
3.271789301742745071e+00
3.085742730838076042e+00
3.337360685384656023e+00
3.211150847236301953e+00
3.069418688761713643e+00
2.073543766897996576e+00
1.588074900346620133e+00
1.103437182653606019e+00
8.678034072570810054e+00
2.373734583566903922e+00
1.615375326700409175e+00
1.570666417759514211e+00
1.387961962887650502e+00
1.920529191245013978e+00
2.861105609394871685e+00
8.678034072570810054e+00
6.136517930958749645e+00
1.398629835594442028e+01
7.624787803043177270e+00
3.408561838594738269e+00
5.760690488794116604e+00
1.942660841463103916e+00
4.473116886549839855e+00
4.878394624674863067e+00
7.231669299910323367e+00
3.542110502930233107e+00
9.416914236192898358e+00
1.951580795715425420e+00
2.608241275667662507e+00
9.416914236192898358e+00
1.884724544957671499e+00
1.644157138904311255e+00
7.624787803043177270e+00
3.972290858234542643e+00
3.698878228091092790e+00
5.760690488794116604e+00
5.082138707842611680e+00
8.096900009026395395e+00
8.096900009026395395e+00
2.493900867892873130e+00
1.179232354874052646e+01
3.293066527421812495e+00
4.223157861610916441e+00
5.760690488794116604e+00
9.416914236192898358e+00
2.073543766897996576e+00
1.681279911467575161e+00
4.473116886549839855e+00
2.702789828280608209e+00
1.401269929201935494e+00
1.402065167928001843e+00
2.389241457164998916e+00
3.698878228091092790e+00
2.712181052790382907e+00
2.363663782473638619e+00
6.136517930958749645e+00
2.167841182847693560e+00
4.115858574785381307e+00
5.760690488794116604e+00
1.883255678433888081e+00
1.517414773732027600e+00
1.231310512486974762e+00
1.272012180069315601e+00
1.756353807557163416e+00
1.704949262111578268e+00
1.398629835594442028e+01
2.329989077118142404e+00
1.627338660282729554e+00
3.459565571344153323e+00
4.878394624674863067e+00
4.115858574785381307e+00
1.039908330077200382e+01
3.733622054698024773e+00
1.398629835594442028e+01
2.837587178760800022e+00
1.039908330077200382e+01
4.544599325704925974e+00
1.251725262311954356e+00
1.798209334120603353e+00
2.302919592689344874e+00
3.154863010022843639e+00
4.544599325704925974e+00
1.407593153718565748e+00
4.115858574785381307e+00
1.940904973852332294e+00
4.341567762109392881e+00
2.450624889800860018e+00
5.599771011072511406e+00
8.678034072570810054e+00
6.358606592409067559e+00
4.223157861610916441e+00
5.938555968349024106e+00
5.938555968349024106e+00
4.405553507134619906e+00
1.398629835594442028e+01
2.937092949591392887e+00
5.082138707842611680e+00
9.416914236192898358e+00
2.068498250266853411e+00
5.938555968349024106e+00
4.700931397034700865e+00
4.065856891298627929e+00
1.179232354874052646e+01
2.261065567282741995e+00
2.506948227443301036e+00
3.337360685384656023e+00
8.678034072570810054e+00
1.704174244003023198e+00
1.658437331427295991e+00
3.191930765070057685e+00
2.373734583566903922e+00
9.416914236192898358e+00
3.119509200577058827e+00
1.649024599646320866e+00
6.358606592409067559e+00
1.200554881765331317e+00
2.885492545342460691e+00
1.344681232604105992e+00
1.282585434063654217e+00
2.513593443840427710e+00
1.539813439635981940e+00
1.725982898375475028e+00
4.620389377369722439e+00
1.791675476113374854e+00
3.408561838594738269e+00
2.910802040512921351e+00
9.416914236192898358e+00
8.678034072570810054e+00
3.542110502930233107e+00
1.045911534454616154e+00
1.123963391963515024e+00
2.174330866618579439e+00
8.096900009026395395e+00
2.056171262239050890e+00
1.915626806140034777e+00
2.021466430468567665e+00
6.610073730275682458e+00
1.398629835594442028e+01
5.760690488794116604e+00
3.571407438589082606e+00
4.018052477870398320e+00
1.398629835594442028e+01
1.179232354874052646e+01
1.939158292294280717e+00
2.091746430803133272e+00
2.814887509662116649e+00
2.257085722832981478e+00
6.358606592409067559e+00
1.398629835594442028e+01
8.096900009026395395e+00
1.179232354874052646e+01
4.280858269067012500e+00
4.018052477870398320e+00
8.678034072570810054e+00
4.620389377369722439e+00
4.473116886549839855e+00
1.398629835594442028e+01
1.179232354874052646e+01
1.179232354874052646e+01
9.416914236192898358e+00
3.513735171890392195e+00
1.179232354874052646e+01
1.398629835594442028e+01
5.453294890550574259e+00
6.358606592409067559e+00
6.610073730275682458e+00
1.039908330077200382e+01
7.624787803043177270e+00
4.223157861610916441e+00
2.219142236511675303e+00
4.786736248424851681e+00
9.416914236192898358e+00
7.624787803043177270e+00
8.678034072570810054e+00
3.293066527421812495e+00
3.632971226107808871e+00
7.624787803043177270e+00
5.938555968349024106e+00
1.902905276531347667e+00
1.747968029469952889e+00
1.979837573903036496e+00
2.837587178760800022e+00
4.168228764679975384e+00
3.972290858234542643e+00
6.897911705949119288e+00
1.179232354874052646e+01
4.878394624674863067e+00
4.065856891298627929e+00
1.398629835594442028e+01
9.416914236192898358e+00
4.976593774190632757e+00
9.416914236192898358e+00
9.416914236192898358e+00
5.599771011072511406e+00
3.807062732691569362e+00
1.398629835594442028e+01
5.938555968349024106e+00
2.298557350582805636e+00
9.416914236192898358e+00
9.416914236192898358e+00
1.910797293384539852e+00
1.383702091650855115e+00
8.096900009026395395e+00
2.061053771792161093e+00
1.039908330077200382e+01
5.082138707842611680e+00
6.136517930958749645e+00
3.459565571344153323e+00
9.416914236192898358e+00
6.358606592409067559e+00
3.542110502930233107e+00
4.223157861610916441e+00
4.473116886549839855e+00
6.897911705949119288e+00
5.082138707842611680e+00
1.179232354874052646e+01
1.398629835594442028e+01
1.651497509405063013e+00
1.398629835594442028e+01
6.897911705949119288e+00
9.416914236192898358e+00
3.513735171890392195e+00
1.039908330077200382e+01
1.398629835594442028e+01
4.280858269067012500e+00
1.955215946973757557e+00
1.179232354874052646e+01
1.179232354874052646e+01
4.620389377369722439e+00
6.610073730275682458e+00
3.542110502930233107e+00
5.938555968349024106e+00
1.333439584127826150e+00
1.405128081072616109e+00
1.161937619934085841e+00
5.938555968349024106e+00
8.678034072570810054e+00
1.452038950256114846e+00
2.316258264329746019e+00
8.096900009026395395e+00
2.348940432796867483e+00
2.265081126183691840e+00
7.624787803043177270e+00
2.311769387157330158e+00
6.358606592409067559e+00
1.039908330077200382e+01
6.897911705949119288e+00
2.046593299907525143e+00
3.459565571344153323e+00
3.972290858234542643e+00
8.678034072570810054e+00
1.371162807289235896e+00
3.513735171890392195e+00
1.784239963546320640e+00
3.211150847236301953e+00
1.531929772649498034e+00
2.030405408476923856e+00
7.624787803043177270e+00
3.807062732691569362e+00
5.082138707842611680e+00
6.358606592409067559e+00
8.096900009026395395e+00
3.972290858234542643e+00
9.416914236192898358e+00
4.700931397034700865e+00
2.741254929226880854e+00
7.231669299910323367e+00
4.976593774190632757e+00
5.319245908954468582e+00
6.610073730275682458e+00
5.082138707842611680e+00
1.521021315975025212e+00
1.145822721569066838e+00
1.838337200886246414e+00
1.553062965725112488e+00
2.410705434109829071e+00
1.806027593512753437e+00
4.700931397034700865e+00
2.086457170713803322e+00
2.898028413325541841e+00
2.277347448405974362e+00
1.179232354874052646e+01
1.981806378664382695e+00
3.271789301742745071e+00
1.299149513822946300e+00
1.039908330077200382e+01
8.678034072570810054e+00
6.897911705949119288e+00
1.179232354874052646e+01
1.398629835594442028e+01
3.314915093660648182e+00
8.678034072570810054e+00
1.520690518311478279e+00
1.902905276531347667e+00
3.886349915492472107e+00
8.096900009026395395e+00
1.398629835594442028e+01
1.398629835594442028e+01
1.179232354874052646e+01
2.208374860764457104e+00
8.096900009026395395e+00
1.196814376961746529e+00
4.473116886549839855e+00
5.760690488794116604e+00
2.462627208582242488e+00
2.158293491526126928e+00
1.614319382167726413e+00
2.849241035599817451e+00
8.678034072570810054e+00
2.826137951791407588e+00
1.975933119542045091e+00
1.398629835594442028e+01
1.039908330077200382e+01
8.096900009026395395e+00
6.136517930958749645e+00
2.384017838084120822e+00
1.039908330077200382e+01
1.179232354874052646e+01
9.416914236192898358e+00
5.599771011072511406e+00
2.329989077118142404e+00
1.157732294354997249e+00
3.230853584175824800e+00
4.115858574785381307e+00
1.271641725505875398e+00
1.798209334120603353e+00
6.136517930958749645e+00
1.534047614944008542e+00
1.398629835594442028e+01
1.130832754146483321e+00
9.416914236192898358e+00
3.211150847236301953e+00
2.910802040512921351e+00
6.897911705949119288e+00
5.319245908954468582e+00
3.769656614340512579e+00
3.293066527421812495e+00
1.398629835594442028e+01
4.280858269067012500e+00
4.620389377369722439e+00
4.018052477870398320e+00
1.398629835594442028e+01
9.416914236192898358e+00
3.408561838594738269e+00
1.970157810602822135e+00
2.068498250266853411e+00
4.544599325704925974e+00
8.096900009026395395e+00
3.632971226107808871e+00
5.938555968349024106e+00
4.223157861610916441e+00
7.231669299910323367e+00
3.698878228091092790e+00
7.624787803043177270e+00
6.897911705949119288e+00
5.938555968349024106e+00
4.620389377369722439e+00
3.102434947113386521e+00
2.898028413325541841e+00
8.096900009026395395e+00
1.616436402405001971e+00
1.671607080334299278e+00
5.082138707842611680e+00
3.769656614340512579e+00
6.897911705949119288e+00
2.782273821805790082e+00
1.179232354874052646e+01
8.678034072570810054e+00
3.154863010022843639e+00
7.231669299910323367e+00
4.168228764679975384e+00
9.416914236192898358e+00
1.039908330077200382e+01
3.314915093660648182e+00
3.513735171890392195e+00
8.678034072570810054e+00
8.678034072570810054e+00
4.341567762109392881e+00
2.421793639372847196e+00
5.195979376524188176e+00
2.061053771792161093e+00
4.786736248424851681e+00
5.082138707842611680e+00
2.675464339656973944e+00
4.878394624674863067e+00
1.398629835594442028e+01
1.398629835594442028e+01
2.071012635387034617e+00
3.698878228091092790e+00
3.769656614340512579e+00
4.878394624674863067e+00
4.700931397034700865e+00
4.976593774190632757e+00
2.208374860764457104e+00
5.195979376524188176e+00
2.187620944445400450e+00
1.329642509958746777e+00
3.733622054698024773e+00
3.486234698203102056e+00
2.792960737629894830e+00
2.992881877159055737e+00
7.624787803043177270e+00
8.678034072570810054e+00
1.039908330077200382e+01
2.592592467664705858e+00
7.231669299910323367e+00
2.161451564789572011e+00
5.319245908954468582e+00
7.231669299910323367e+00
2.950626275468136495e+00
1.039908330077200382e+01
3.733622054698024773e+00
3.632971226107808871e+00
2.334656460882007956e+00
4.223157861610916441e+00
8.678034072570810054e+00
1.486470155993494746e+00
5.319245908954468582e+00
3.571407438589082606e+00
9.416914236192898358e+00
6.358606592409067559e+00
1.179232354874052646e+01
1.179232354874052646e+01
2.373734583566903922e+00
1.812903457783741734e+00
3.601676278092701633e+00
7.624787803043177270e+00
3.314915093660648182e+00
2.782273821805790082e+00
8.678034072570810054e+00
1.837074903544506643e+00
1.039908330077200382e+01
4.786736248424851681e+00
3.433687235784068648e+00
1.535115484475883418e+00
2.078657009067041983e+00
1.039908330077200382e+01
2.814887509662116649e+00
7.624787803043177270e+00
7.231669299910323367e+00
9.416914236192898358e+00
3.191930765070057685e+00
5.599771011072511406e+00
1.039908330077200382e+01
4.168228764679975384e+00
2.632548248018265813e+00
1.602532031068449658e+00
2.555275348951976166e+00
1.039908330077200382e+01
1.039908330077200382e+01
3.769656614340512579e+00
2.520321910585981318e+00
2.814887509662116649e+00
1.039908330077200382e+01
2.051351544139579097e+00
1.398629835594442028e+01
1.398629835594442028e+01
5.938555968349024106e+00
7.231669299910323367e+00
6.897911705949119288e+00
5.319245908954468582e+00
4.473116886549839855e+00
5.938555968349024106e+00
6.136517930958749645e+00
4.018052477870398320e+00
1.526055428217504950e+00
1.039908330077200382e+01
1.607578046515025783e+00
1.536908716161947464e+00
5.453294890550574259e+00
3.211150847236301953e+00
1.765989186462842087e+00
1.859292162880815003e+00
7.624787803043177270e+00
1.382588222190523464e+00
1.393104242420517780e+00
2.222791872560072157e+00
3.384154002867322930e+00
3.972290858234542643e+00
1.398629835594442028e+01
2.741254929226880854e+00
8.678034072570810054e+00
8.678034072570810054e+00
5.760690488794116604e+00
4.405553507134619906e+00
1.448094085887919880e+00
2.548103645368455794e+00
2.600362969809127289e+00
5.082138707842611680e+00
1.039908330077200382e+01
2.378849195377106263e+00
2.363663782473638619e+00
1.279733571663006941e+00
5.082138707842611680e+00
5.319245908954468582e+00
2.053753637518415331e+00
4.878394624674863067e+00
7.624787803043177270e+00
6.610073730275682458e+00
7.624787803043177270e+00
3.601676278092701633e+00
2.427430610782826292e+00
6.358606592409067559e+00
8.096900009026395395e+00
4.786736248424851681e+00
1.585759223520049943e+00
3.601676278092701633e+00
1.039908330077200382e+01
1.398629835594442028e+01
9.416914236192898358e+00
1.576747130099792837e+00
4.878394624674863067e+00
1.580304827940290480e+00
1.220513563221268027e+00
8.096900009026395395e+00
5.319245908954468582e+00
3.053449648393774751e+00
3.337360685384656023e+00
8.678034072570810054e+00
1.949777782024877837e+00
4.168228764679975384e+00
5.082138707842611680e+00
2.837587178760800022e+00
2.421793639372847196e+00
1.392805210772400937e+00
6.610073730275682458e+00
9.416914236192898358e+00
5.319245908954468582e+00
1.039908330077200382e+01
1.398629835594442028e+01
4.473116886549839855e+00
4.700931397034700865e+00
4.115858574785381307e+00
6.358606592409067559e+00
2.849241035599817451e+00
7.624787803043177270e+00
1.398629835594442028e+01
4.341567762109392881e+00
1.688434314328901786e+00
1.039908330077200382e+01
3.928432270049376118e+00
6.897911705949119288e+00
2.136844764772016347e+00
5.938555968349024106e+00
5.760690488794116604e+00
8.096900009026395395e+00
4.878394624674863067e+00
8.678034072570810054e+00
4.473116886549839855e+00
1.459532556319220520e+00
5.082138707842611680e+00
1.812903457783741734e+00
1.039908330077200382e+01
9.416914236192898358e+00
6.136517930958749645e+00
1.398629835594442028e+01
3.486234698203102056e+00
1.536908716161947464e+00
6.358606592409067559e+00
4.405553507134619906e+00
3.230853584175824800e+00
3.022527077779549209e+00
8.678034072570810054e+00
1.179232354874052646e+01
8.096900009026395395e+00
4.976593774190632757e+00
4.115858574785381307e+00
2.174330866618579439e+00
6.136517930958749645e+00
9.416914236192898358e+00
2.649339640162833298e+00
4.473116886549839855e+00
3.211150847236301953e+00
2.548103645368455794e+00
1.039908330077200382e+01
1.179232354874052646e+01
7.624787803043177270e+00
8.678034072570810054e+00
1.398629835594442028e+01
9.416914236192898358e+00
4.018052477870398320e+00
6.358606592409067559e+00
2.285713591526753241e+00
3.733622054698024773e+00
4.976593774190632757e+00
1.398629835594442028e+01
5.195979376524188176e+00
2.311769387157330158e+00
2.450624889800860018e+00
3.230853584175824800e+00
3.173174188550006658e+00
1.512608307308202171e+00
1.277520826071228299e+00
1.179232354874052646e+01
6.136517930958749645e+00
7.624787803043177270e+00
1.179232354874052646e+01
1.398629835594442028e+01
2.741254929226880854e+00
1.398629835594442028e+01
2.534035564788753359e+00
1.179232354874052646e+01
4.065856891298627929e+00
4.878394624674863067e+00
5.082138707842611680e+00
3.433687235784068648e+00
1.904468257687311983e+00
1.446585974786338991e+00
3.972290858234542643e+00
6.610073730275682458e+00
2.285713591526753241e+00
4.341567762109392881e+00
1.487839970368790343e+00
3.698878228091092790e+00
8.678034072570810054e+00
1.389120610520766075e+00
3.486234698203102056e+00
4.280858269067012500e+00
2.139840407142331369e+00
2.513593443840427710e+00
2.885492545342460691e+00
8.678034072570810054e+00
2.215523133194084338e+00
8.678034072570810054e+00
2.253141073238071002e+00
7.624787803043177270e+00
1.398629835594442028e+01
3.486234698203102056e+00
1.179232354874052646e+01
4.115858574785381307e+00
9.416914236192898358e+00
6.136517930958749645e+00
7.624787803043177270e+00
3.191930765070057685e+00
3.069418688761713643e+00
8.096900009026395395e+00
3.733622054698024773e+00
5.195979376524188176e+00
9.416914236192898358e+00
1.660366435855144873e+00
1.216928853047448023e+00
1.294339032708758275e+00
1.179232354874052646e+01
1.901349883263786511e+00
3.314915093660648182e+00
9.416914236192898358e+00
5.082138707842611680e+00
1.422406895160583495e+00
4.878394624674863067e+00
1.794923486933961421e+00
1.815232394394834303e+00
6.610073730275682458e+00
4.878394624674863067e+00
5.319245908954468582e+00
3.807062732691569362e+00
8.678034072570810054e+00
3.665350790092954725e+00
4.223157861610916441e+00
1.039908330077200382e+01
1.398629835594442028e+01
8.678034072570810054e+00
2.937092949591392887e+00
3.698878228091092790e+00
3.022527077779549209e+00
5.453294890550574259e+00
1.833319914233652481e+00
1.179232354874052646e+01
1.179232354874052646e+01
4.544599325704925974e+00
4.405553507134619906e+00
7.231669299910323367e+00
3.314915093660648182e+00
6.358606592409067559e+00
1.039908330077200382e+01
4.700931397034700865e+00
3.769656614340512579e+00
6.610073730275682458e+00
3.459565571344153323e+00
4.168228764679975384e+00
1.179232354874052646e+01
4.405553507134619906e+00
5.319245908954468582e+00
2.184258738671068123e+00
1.953393488770133635e+00
3.698878228091092790e+00
1.179232354874052646e+01
1.204574139599877025e+00
1.827165758157434983e+00
1.140476159538356571e+00
1.807162190339417274e+00
2.487495501406502996e+00
2.444726932093984395e+00
4.700931397034700865e+00
6.610073730275682458e+00
1.398629835594442028e+01
4.878394624674863067e+00
4.473116886549839855e+00
9.416914236192898358e+00
6.358606592409067559e+00
4.405553507134619906e+00
2.028150016985720505e+00
8.678034072570810054e+00
1.955215946973757557e+00
1.398629835594442028e+01
2.861105609394871685e+00
4.786736248424851681e+00
1.301249721699562434e+00
1.542021272647035257e+00
1.594698591557120793e+00
2.684434993822597093e+00
1.179232354874052646e+01
6.897911705949119288e+00
4.115858574785381307e+00
6.358606592409067559e+00
6.136517930958749645e+00
3.886349915492472107e+00
1.039908330077200382e+01
3.698878228091092790e+00
1.755408955546548189e+00
4.223157861610916441e+00
6.358606592409067559e+00
2.462627208582242488e+00
4.115858574785381307e+00
8.096900009026395395e+00
8.096900009026395395e+00
7.231669299910323367e+00
2.025908482840985236e+00
3.337360685384656023e+00
3.119509200577058827e+00
2.269132929873628690e+00
2.399857523051045938e+00
1.398629835594442028e+01
3.191930765070057685e+00
4.700931397034700865e+00
3.154863010022843639e+00
6.358606592409067559e+00
1.179232354874052646e+01
1.039908330077200382e+01
5.453294890550574259e+00
6.610073730275682458e+00
4.280858269067012500e+00
6.358606592409067559e+00
7.231669299910323367e+00
7.624787803043177270e+00
2.105293598154510004e+00
4.620389377369722439e+00
4.018052477870398320e+00
5.082138707842611680e+00
8.096900009026395395e+00
2.657919838858120443e+00
3.119509200577058827e+00
4.223157861610916441e+00
2.861105609394871685e+00
1.849944559679963074e+00
1.583014050453861898e+00
3.211150847236301953e+00
3.632971226107808871e+00
1.108944210966610555e+00
1.398629835594442028e+01
4.168228764679975384e+00
1.398629835594442028e+01
1.433233214024217883e+00
2.562541477821151492e+00
4.065856891298627929e+00
3.136980091804868032e+00
7.231669299910323367e+00
4.878394624674863067e+00
5.082138707842611680e+00
1.398629835594442028e+01
1.039908330077200382e+01
4.018052477870398320e+00
1.184224122652044020e+00
1.179232354874052646e+01
2.358705811963931254e+00
8.096900009026395395e+00
1.635881226163346858e+00
1.179232354874052646e+01
7.231669299910323367e+00
3.845928459108548747e+00
3.972290858234542643e+00
1.641166736735601095e+00
1.496293443665952960e+00
2.127989266991883621e+00
3.698878228091092790e+00
1.398629835594442028e+01
5.453294890550574259e+00
9.416914236192898358e+00
7.231669299910323367e+00
3.571407438589082606e+00
2.885492545342460691e+00
5.938555968349024106e+00
1.398629835594442028e+01
8.096900009026395395e+00
1.039908330077200382e+01
1.402704566365865269e+00
3.928432270049376118e+00
6.358606592409067559e+00
4.544599325704925974e+00
3.136980091804868032e+00
3.136980091804868032e+00
5.195979376524188176e+00
3.211150847236301953e+00
5.319245908954468582e+00
5.319245908954468582e+00
6.610073730275682458e+00
4.786736248424851681e+00
1.781113038153766981e+00
2.541024365102452442e+00
1.398629835594442028e+01
6.897911705949119288e+00
2.712181052790382907e+00
1.835817947987702592e+00
4.405553507134619906e+00
2.923820937566300238e+00
1.039908330077200382e+01
5.319245908954468582e+00
5.195979376524188176e+00
2.693542336525760028e+00
1.398629835594442028e+01
5.082138707842611680e+00
5.938555968349024106e+00
4.280858269067012500e+00
3.601676278092701633e+00
2.004225538955430430e+00
2.289954970753452557e+00
1.300264469875298534e+00
5.319245908954468582e+00
4.168228764679975384e+00
5.938555968349024106e+00
3.698878228091092790e+00
1.179232354874052646e+01
3.845928459108548747e+00
1.528796937079241580e+00
2.253141073238071002e+00
1.359947029977923716e+00
5.938555968349024106e+00
1.870338043093809466e+00
3.069418688761713643e+00
2.534035564788753359e+00
8.096900009026395395e+00
4.280858269067012500e+00
1.179232354874052646e+01
1.398629835594442028e+01
7.624787803043177270e+00
3.337360685384656023e+00
4.223157861610916441e+00
3.314915093660648182e+00
1.179232354874052646e+01
8.096900009026395395e+00
2.898028413325541841e+00
1.843440562631710078e+00
4.065856891298627929e+00
1.192239649486594999e+00
1.213209491454975808e+00
3.845928459108548747e+00
4.473116886549839855e+00
9.416914236192898358e+00
1.398629835594442028e+01
3.293066527421812495e+00
2.569904094831461983e+00
2.826137951791407588e+00
6.136517930958749645e+00
2.577365326119689826e+00
1.191703485850565070e+00
4.786736248424851681e+00
3.807062732691569362e+00
1.362066205298887667e+00
3.571407438589082606e+00
6.897911705949119288e+00
4.620389377369722439e+00
2.803830237199933517e+00
7.231669299910323367e+00
4.280858269067012500e+00
4.115858574785381307e+00
1.720972408847302404e+00
3.037823084271166429e+00
9.416914236192898358e+00
1.288669022419473231e+00
3.173174188550006658e+00
1.787402424534638046e+00
3.136980091804868032e+00
1.039908330077200382e+01
6.136517930958749645e+00
2.702789828280608209e+00
1.561465949659243346e+00
9.416914236192898358e+00
9.416914236192898358e+00
2.487495501406502996e+00
1.179232354874052646e+01
4.065856891298627929e+00
4.018052477870398320e+00
1.398629835594442028e+01
3.408561838594738269e+00
1.398629835594442028e+01
6.610073730275682458e+00
3.601676278092701633e+00
1.116599885357484556e+00
2.923820937566300238e+00
1.207605647787421299e+00
1.179232354874052646e+01
1.398629835594442028e+01
1.398629835594442028e+01
1.398629835594442028e+01
2.500384580221138187e+00
2.058604584203729271e+00
1.320196291748358508e+00
2.849241035599817451e+00
1.039908330077200382e+01
8.096900009026395395e+00
1.179232354874052646e+01
8.096900009026395395e+00
1.179232354874052646e+01
1.179232354874052646e+01
1.712034316144064761e+00
2.353798308609992951e+00
2.761427962779658074e+00
5.195979376524188176e+00
2.632548248018265813e+00
2.584927363613700457e+00
6.897911705949119288e+00
2.152049286798052741e+00
1.156490494958891668e+00
1.871747083242710108e+00
6.610073730275682458e+00
5.938555968349024106e+00
4.544599325704925974e+00
2.837587178760800022e+00
2.792960737629894830e+00
2.378849195377106263e+00
9.416914236192898358e+00
6.136517930958749645e+00
9.416914236192898358e+00
3.022527077779549209e+00
4.065856891298627929e+00
3.211150847236301953e+00
1.039908330077200382e+01
6.610073730275682458e+00
1.179232354874052646e+01
1.634146500373871547e+00
5.760690488794116604e+00
5.195979376524188176e+00
1.434022607496414858e+00
1.811745999817073960e+00
1.039908330077200382e+01
2.081239496857343774e+00
2.527135357484368683e+00
1.606051757177856976e+00
3.230853584175824800e+00
1.221221111966625861e+00
2.102546282815882961e+00
4.786736248424851681e+00
2.632548248018265813e+00
1.769941308432502414e+00
2.119325454728119507e+00
2.046593299907525143e+00
2.608241275667662507e+00
2.675464339656973944e+00
2.666627031328418163e+00
1.398629835594442028e+01
2.298557350582805636e+00
3.337360685384656023e+00
2.910802040512921351e+00
4.878394624674863067e+00
1.265454908909158238e+00
2.861105609394871685e+00
2.102546282815882961e+00
2.307323386490875983e+00
1.398629835594442028e+01
3.769656614340512579e+00
6.610073730275682458e+00
1.398629835594442028e+01
5.599771011072511406e+00
1.398629835594442028e+01
1.398629835594442028e+01
1.398629835594442028e+01
1.179232354874052646e+01
6.610073730275682458e+00
5.599771011072511406e+00
1.915626806140034777e+00
2.142858402411555119e+00
2.177614043364521912e+00
2.158293491526126928e+00
1.398629835594442028e+01
4.700931397034700865e+00
6.610073730275682458e+00
4.878394624674863067e+00
6.610073730275682458e+00
3.136980091804868032e+00
4.620389377369722439e+00
1.692829885532442180e+00
2.481166935347186797e+00
3.022527077779549209e+00
3.845928459108548747e+00
3.698878228091092790e+00
2.353798308609992951e+00
8.096900009026395395e+00
4.341567762109392881e+00
3.665350790092954725e+00
6.136517930958749645e+00
2.937092949591392887e+00
7.231669299910323367e+00
1.676394771707002684e+00
5.082138707842611680e+00
1.179232354874052646e+01
4.341567762109392881e+00
2.527135357484368683e+00
4.700931397034700865e+00
6.136517930958749645e+00
2.592592467664705858e+00
2.493900867892873130e+00
3.037823084271166429e+00
8.678034072570810054e+00
5.599771011072511406e+00
1.398629835594442028e+01
4.878394624674863067e+00
1.398629835594442028e+01
8.096900009026395395e+00
3.928432270049376118e+00
2.334656460882007956e+00
7.231669299910323367e+00
1.893684643924745448e+00
1.912399144240180204e+00
2.885492545342460691e+00
3.154863010022843639e+00
1.179232354874052646e+01
2.130919458987305060e+00
5.195979376524188176e+00
1.179232354874052646e+01
6.897911705949119288e+00
9.416914236192898358e+00
1.398629835594442028e+01
1.398629835594442028e+01
1.398629835594442028e+01
9.416914236192898358e+00
5.319245908954468582e+00
1.039908330077200382e+01
2.320790702532501193e+00
5.319245908954468582e+00
4.700931397034700865e+00
3.733622054698024773e+00
7.231669299910323367e+00
6.897911705949119288e+00
4.405553507134619906e+00
2.174330866618579439e+00
1.997968635197691301e+00
1.398629835594442028e+01
8.678034072570810054e+00
3.698878228091092790e+00
1.765010058730791975e+00
1.398629835594442028e+01
6.358606592409067559e+00
4.341567762109392881e+00
2.219142236511675303e+00
2.373734583566903922e+00
1.398629835594442028e+01
2.675464339656973944e+00
7.231669299910323367e+00
1.398629835594442028e+01
7.624787803043177270e+00
8.678034072570810054e+00
4.018052477870398320e+00
5.195979376524188176e+00
1.179232354874052646e+01
5.195979376524188176e+00
6.897911705949119288e+00
1.398629835594442028e+01
1.039908330077200382e+01
1.398629835594442028e+01
6.136517930958749645e+00
8.096900009026395395e+00
4.786736248424851681e+00
6.136517930958749645e+00
3.807062732691569362e+00
3.119509200577058827e+00
7.231669299910323367e+00
5.082138707842611680e+00
1.179232354874052646e+01
5.599771011072511406e+00
1.398629835594442028e+01
2.389241457164998916e+00
1.605545390520794147e+00
4.341567762109392881e+00
3.769656614340512579e+00
3.022527077779549209e+00
1.039908330077200382e+01
1.957048257173170214e+00
2.091746430803133272e+00
2.569904094831461983e+00
1.179232354874052646e+01
7.231669299910323367e+00
2.640883416478467360e+00
2.034958331521893538e+00
2.702789828280608209e+00
1.179232354874052646e+01
2.113652733732103606e+00
1.430889095856391569e+00
3.571407438589082606e+00
2.307323386490875983e+00
1.398629835594442028e+01
2.368673079661606895e+00
3.972290858234542643e+00
4.700931397034700865e+00
1.039908330077200382e+01
1.179232354874052646e+01
8.096900009026395395e+00
6.358606592409067559e+00
3.230853584175824800e+00
9.416914236192898358e+00
6.358606592409067559e+00
2.814887509662116649e+00
1.398629835594442028e+01
3.928432270049376118e+00
4.405553507134619906e+00
5.760690488794116604e+00
1.398629835594442028e+01
9.416914236192898358e+00
8.096900009026395395e+00
1.503963319327466408e+00
3.154863010022843639e+00
8.678034072570810054e+00
2.265081126183691840e+00
6.136517930958749645e+00
1.991820365640002644e+00
3.337360685384656023e+00
2.616229867989665170e+00
2.584927363613700457e+00
1.527421162745468353e+00
1.553455095230440675e+00
1.039908330077200382e+01
4.280858269067012500e+00
1.757301997698367479e+00
5.082138707842611680e+00
3.513735171890392195e+00
3.408561838594738269e+00
4.976593774190632757e+00
1.388106262257215118e+00
1.439664204179250007e+00
1.359248370412794005e+00
2.348940432796867483e+00
8.096900009026395395e+00
3.119509200577058827e+00
2.277347448405974362e+00
1.398629835594442028e+01
9.416914236192898358e+00
3.459565571344153323e+00
1.822333637510243243e+00
5.195979376524188176e+00
5.195979376524188176e+00
2.814887509662116649e+00
1.398629835594442028e+01
1.039908330077200382e+01
7.231669299910323367e+00
4.341567762109392881e+00
2.837587178760800022e+00
1.398629835594442028e+01
6.610073730275682458e+00
2.348940432796867483e+00
3.928432270049376118e+00
4.976593774190632757e+00
1.398629835594442028e+01
1.505781194502915366e+00
4.473116886549839855e+00
5.195979376524188176e+00
3.173174188550006658e+00
1.398629835594442028e+01
2.167841182847693560e+00
1.275521492875924645e+00
8.678034072570810054e+00
3.022527077779549209e+00
5.195979376524188176e+00
7.624787803043177270e+00
2.837587178760800022e+00
1.179232354874052646e+01
1.142065906176041423e+00
7.231669299910323367e+00
5.760690488794116604e+00
4.544599325704925974e+00
1.039908330077200382e+01
1.448962332936926556e+00
2.071012635387034617e+00
8.096900009026395395e+00
1.039908330077200382e+01
9.416914236192898358e+00
1.179232354874052646e+01
5.082138707842611680e+00
2.616229867989665170e+00
6.358606592409067559e+00
2.826137951791407588e+00
1.039908330077200382e+01
4.405553507134619906e+00
6.897911705949119288e+00
1.039908330077200382e+01
2.076091829084566687e+00
2.307323386490875983e+00
2.273221519718087613e+00
9.416914236192898358e+00
7.624787803043177270e+00
6.610073730275682458e+00
1.398629835594442028e+01
8.096900009026395395e+00
4.168228764679975384e+00
1.510407957239629173e+00
7.624787803043177270e+00
6.897911705949119288e+00
5.938555968349024106e+00
5.760690488794116604e+00
7.624787803043177270e+00
5.938555968349024106e+00
6.897911705949119288e+00
8.678034072570810054e+00
4.473116886549839855e+00
3.733622054698024773e+00
1.323778320957638588e+00
2.898028413325541841e+00
1.902905276531347667e+00
1.039908330077200382e+01
1.563933612302658371e+00
1.695057530250765110e+00
2.048964818631229257e+00
1.154862393349914251e+00
4.620389377369722439e+00
1.116556062378572411e+00
8.096900009026395395e+00
1.056792684140607674e+00
2.063518995909134013e+00
2.837587178760800022e+00
1.634723259447198096e+00
1.398629835594442028e+01
4.223157861610916441e+00
1.398629835594442028e+01
6.358606592409067559e+00
1.039908330077200382e+01
2.592592467664705858e+00
5.599771011072511406e+00
1.179232354874052646e+01
6.897911705949119288e+00
5.082138707842611680e+00
4.976593774190632757e+00
9.416914236192898358e+00
4.115858574785381307e+00
8.678034072570810054e+00
7.624787803043177270e+00
9.416914236192898358e+00
4.280858269067012500e+00
6.610073730275682458e+00
4.786736248424851681e+00
1.039908330077200382e+01
8.096900009026395395e+00
1.179232354874052646e+01
3.173174188550006658e+00
4.700931397034700865e+00
3.251059244529220571e+00
6.610073730275682458e+00
4.544599325704925974e+00
1.806027593512753437e+00
1.733686006842316329e+00
5.195979376524188176e+00
3.769656614340512579e+00
1.034563732316374995e+00
1.679874023621307000e+00
4.976593774190632757e+00
2.253141073238071002e+00
3.733622054698024773e+00
3.136980091804868032e+00
1.398629835594442028e+01
8.096900009026395395e+00
3.807062732691569362e+00
8.096900009026395395e+00
1.683404187842397315e+00
1.398132742801213357e+00
1.210432124748497262e+00
3.733622054698024773e+00
2.139840407142331369e+00
6.136517930958749645e+00
1.039908330077200382e+01
5.082138707842611680e+00
5.082138707842611680e+00
2.624331309851516192e+00
3.845928459108548747e+00
7.624787803043177270e+00
2.608241275667662507e+00
2.506948227443301036e+00
1.188158569926288877e+00
3.632971226107808871e+00
1.720972408847302404e+00
7.231669299910323367e+00
1.983786372907046847e+00
8.096900009026395395e+00
8.096900009026395395e+00
2.675464339656973944e+00
1.179232354874052646e+01
5.599771011072511406e+00
5.599771011072511406e+00
5.082138707842611680e+00
5.760690488794116604e+00
1.398629835594442028e+01
7.231669299910323367e+00
3.733622054698024773e+00
5.453294890550574259e+00
1.681985934414658601e+00
2.421793639372847196e+00
6.897911705949119288e+00
7.624787803043177270e+00
1.039908330077200382e+01
1.179232354874052646e+01
7.231669299910323367e+00
6.136517930958749645e+00
4.115858574785381307e+00
2.873187242288851362e+00
1.179232354874052646e+01
3.972290858234542643e+00
3.972290858234542643e+00
7.624787803043177270e+00
4.473116886549839855e+00
1.274864018060303916e+00
1.398629835594442028e+01
2.116478940955882848e+00
5.082138707842611680e+00
8.096900009026395395e+00
2.433131022740910421e+00
4.976593774190632757e+00
1.398629835594442028e+01
3.733622054698024773e+00
3.486234698203102056e+00
4.115858574785381307e+00
3.486234698203102056e+00
7.231669299910323367e+00
9.416914236192898358e+00
4.168228764679975384e+00
9.416914236192898358e+00
4.065856891298627929e+00
5.195979376524188176e+00
2.427430610782826292e+00
8.096900009026395395e+00
6.897911705949119288e+00
3.459565571344153323e+00
2.039568408441795544e+00
1.039908330077200382e+01
3.632971226107808871e+00
2.814887509662116649e+00
3.601676278092701633e+00
2.219142236511675303e+00
8.096900009026395395e+00
1.949777782024877837e+00
2.389241457164998916e+00
3.698878228091092790e+00
6.136517930958749645e+00
2.910802040512921351e+00
1.398629835594442028e+01
4.700931397034700865e+00
2.741254929226880854e+00
5.760690488794116604e+00
1.091440460144843527e+00
4.473116886549839855e+00
3.665350790092954725e+00
1.039908330077200382e+01
5.319245908954468582e+00
8.678034072570810054e+00
2.910802040512921351e+00
4.473116886549839855e+00
2.555275348951976166e+00
4.976593774190632757e+00
8.096900009026395395e+00
1.179232354874052646e+01
1.398629835594442028e+01
1.039908330077200382e+01
2.204844879275643876e+00
8.096900009026395395e+00
4.878394624674863067e+00
2.826137951791407588e+00
1.039908330077200382e+01
1.179232354874052646e+01
9.416914236192898358e+00
2.136844764772016347e+00
2.344131364229995906e+00
3.069418688761713643e+00
1.163444757622009496e+00
1.223109297196891099e+00
2.358705811963931254e+00
1.700334858104156410e+00
9.416914236192898358e+00
9.416914236192898358e+00
3.053449648393774751e+00
8.678034072570810054e+00
5.195979376524188176e+00
1.398629835594442028e+01
3.337360685384656023e+00
2.923820937566300238e+00
5.760690488794116604e+00
4.168228764679975384e+00
5.319245908954468582e+00
3.698878228091092790e+00
4.065856891298627929e+00
8.678034072570810054e+00
5.453294890550574259e+00
4.473116886549839855e+00
3.085742730838076042e+00
5.319245908954468582e+00
4.544599325704925974e+00
1.382588222190523464e+00
3.486234698203102056e+00
5.319245908954468582e+00
1.039908330077200382e+01
1.589008420374543373e+00
2.012742603691572540e+00
3.972290858234542643e+00
1.398629835594442028e+01
7.624787803043177270e+00
4.280858269067012500e+00
8.678034072570810054e+00
6.358606592409067559e+00
2.071012635387034617e+00
3.698878228091092790e+00
5.082138707842611680e+00
5.082138707842611680e+00
3.698878228091092790e+00
1.692829885532442180e+00
4.620389377369722439e+00
4.341567762109392881e+00
4.700931397034700865e+00
2.771764498081669359e+00
2.427430610782826292e+00
9.416914236192898358e+00
1.398629835594442028e+01
1.797109802985564997e+00
8.096900009026395395e+00
2.348940432796867483e+00
3.337360685384656023e+00
1.179232354874052646e+01
2.837587178760800022e+00
2.468734231955952207e+00
2.675464339656973944e+00
2.348940432796867483e+00
4.115858574785381307e+00
5.760690488794116604e+00
1.735429295495502622e+00
3.928432270049376118e+00
7.231669299910323367e+00
1.398629835594442028e+01
8.678034072570810054e+00
7.624787803043177270e+00
3.053449648393774751e+00
1.398629835594442028e+01
4.700931397034700865e+00
6.610073730275682458e+00
1.398629835594442028e+01
4.168228764679975384e+00
4.018052477870398320e+00
2.873187242288851362e+00
2.577365326119689826e+00
1.473090583046150037e+00
3.069418688761713643e+00
3.271789301742745071e+00
4.223157861610916441e+00
1.039908330077200382e+01
4.341567762109392881e+00
3.408561838594738269e+00
6.136517930958749645e+00
6.136517930958749645e+00
8.096900009026395395e+00
3.928432270049376118e+00
2.657919838858120443e+00
2.433131022740910421e+00
8.096900009026395395e+00
1.398629835594442028e+01
7.624787803043177270e+00
4.786736248424851681e+00
1.398629835594442028e+01
7.231669299910323367e+00
1.360414935746598664e+00
3.022527077779549209e+00
7.231669299910323367e+00
8.678034072570810054e+00
1.179232354874052646e+01
1.039908330077200382e+01
4.786736248424851681e+00
1.179232354874052646e+01
7.624787803043177270e+00
1.179232354874052646e+01
1.039908330077200382e+01
4.700931397034700865e+00
4.700931397034700865e+00
1.458374644443338308e+00
4.223157861610916441e+00
2.444726932093984395e+00
3.928432270049376118e+00
1.039908330077200382e+01
2.548103645368455794e+00
1.039908330077200382e+01
1.398629835594442028e+01
5.760690488794116604e+00
5.453294890550574259e+00
6.610073730275682458e+00
3.632971226107808871e+00
1.747052370831603474e+00
5.938555968349024106e+00
9.416914236192898358e+00
5.195979376524188176e+00
1.039908330077200382e+01
1.179232354874052646e+01
1.179232354874052646e+01
8.678034072570810054e+00
2.462627208582242488e+00
8.096900009026395395e+00
2.584927363613700457e+00
2.145899026308645485e+00
4.976593774190632757e+00
1.688434314328901786e+00
1.099126519237067834e+00
1.614846715591598203e+00
2.616229867989665170e+00
1.849944559679963074e+00
5.453294890550574259e+00
1.398629835594442028e+01
2.792960737629894830e+00
3.102434947113386521e+00
4.473116886549839855e+00
2.837587178760800022e+00
2.289954970753452557e+00
1.296954172903301394e+00
9.416914236192898358e+00
3.293066527421812495e+00
1.147270078899566226e+00
3.314915093660648182e+00
1.641761686777392315e+00
1.302960126830003951e+00
4.405553507134619906e+00
5.760690488794116604e+00
1.825950231189571671e+00
3.807062732691569362e+00
4.223157861610916441e+00
4.018052477870398320e+00
1.179232354874052646e+01
2.289954970753452557e+00
1.925506275456442706e+00
7.624787803043177270e+00
3.769656614340512579e+00
5.082138707842611680e+00
1.874584555473808312e+00
8.678034072570810054e+00
4.341567762109392881e+00
5.195979376524188176e+00
1.039908330077200382e+01
1.179232354874052646e+01
4.700931397034700865e+00
4.223157861610916441e+00
2.849241035599817451e+00
1.398629835594442028e+01
3.601676278092701633e+00
3.807062732691569362e+00
6.136517930958749645e+00
1.179232354874052646e+01
3.928432270049376118e+00
2.444726932093984395e+00
1.398629835594442028e+01
5.453294890550574259e+00
1.374254115313860547e+00
9.416914236192898358e+00
6.136517930958749645e+00
1.474610962865301911e+00
5.319245908954468582e+00
1.282999565510146711e+00
4.168228764679975384e+00
5.453294890550574259e+00
3.542110502930233107e+00
2.320790702532501193e+00
6.610073730275682458e+00
1.398629835594442028e+01
2.608241275667662507e+00
1.398629835594442028e+01
5.453294890550574259e+00
3.251059244529220571e+00
4.280858269067012500e+00
8.096900009026395395e+00
1.039908330077200382e+01
3.513735171890392195e+00
1.448744826787091267e+00
3.007550279977043939e+00
1.708860731281219181e+00
1.389266128099876374e+00
1.200532422182995385e+00
5.760690488794116604e+00
1.140624620371524012e+00
1.662311553778937689e+00
3.069418688761713643e+00
1.416653874847190187e+00
5.453294890550574259e+00
7.231669299910323367e+00
2.444726932093984395e+00
1.991820365640002644e+00
1.241515162914946346e+00
1.039908330077200382e+01
3.173174188550006658e+00
1.946200454808623581e+00
1.474102640802806619e+00
2.302919592689344874e+00
2.125080370540599173e+00
1.179232354874052646e+01
1.605545390520794147e+00
1.367769694892216892e+00
1.179232354874052646e+01
3.251059244529220571e+00
6.897911705949119288e+00
2.792960737629894830e+00
8.678034072570810054e+00
4.786736248424851681e+00
1.039908330077200382e+01
5.195979376524188176e+00
3.102434947113386521e+00
4.620389377369722439e+00
1.398629835594442028e+01
6.358606592409067559e+00
3.845928459108548747e+00
4.280858269067012500e+00
4.280858269067012500e+00
3.230853584175824800e+00
2.782273821805790082e+00
2.592592467664705858e+00
2.814887509662116649e+00
1.979837573903036496e+00
3.601676278092701633e+00
4.115858574785381307e+00
5.082138707842611680e+00
3.459565571344153323e+00
5.938555968349024106e+00
1.352136032469193783e+00
2.950626275468136495e+00
1.039908330077200382e+01
1.666250713802804873e+00
1.179232354874052646e+01
7.231669299910323367e+00
1.398629835594442028e+01
6.897911705949119288e+00
6.610073730275682458e+00
2.358705811963931254e+00
5.453294890550574259e+00
3.293066527421812495e+00
1.179232354874052646e+01
3.230853584175824800e+00
6.610073730275682458e+00
6.136517930958749645e+00
2.023680666525167648e+00
5.082138707842611680e+00
4.620389377369722439e+00
3.384154002867322930e+00
8.678034072570810054e+00
4.544599325704925974e+00
2.608241275667662507e+00
5.319245908954468582e+00
3.314915093660648182e+00
7.624787803043177270e+00
1.398629835594442028e+01
8.678034072570810054e+00
5.938555968349024106e+00
4.405553507134619906e+00
5.195979376524188176e+00
4.878394624674863067e+00
4.223157861610916441e+00
2.339370301369074312e+00
5.938555968349024106e+00
5.319245908954468582e+00
8.096900009026395395e+00
1.378760277462665496e+00
1.288356040312701678e+00
4.620389377369722439e+00
3.928432270049376118e+00
7.624787803043177270e+00
5.760690488794116604e+00
4.544599325704925974e+00
1.977879854969469831e+00
4.620389377369722439e+00
3.928432270049376118e+00
2.102546282815882961e+00
5.453294890550574259e+00
7.231669299910323367e+00
6.610073730275682458e+00
1.398629835594442028e+01
5.082138707842611680e+00
1.800421279104389427e+00
1.039908330077200382e+01
7.231669299910323367e+00
3.360430623882499912e+00
2.666627031328418163e+00
4.065856891298627929e+00
9.416914236192898358e+00
1.398629835594442028e+01
4.405553507134619906e+00
1.039908330077200382e+01
2.978511558928810921e+00
1.398629835594442028e+01
2.487495501406502996e+00
5.599771011072511406e+00
4.976593774190632757e+00
1.704949262111578268e+00
3.972290858234542643e+00
5.453294890550574259e+00
4.168228764679975384e+00
1.674331158944195153e+00
2.712181052790382907e+00
1.103170500343960692e+00
4.341567762109392881e+00
2.219142236511675303e+00
3.807062732691569362e+00
1.456767297349450541e+00
8.678034072570810054e+00
5.760690488794116604e+00
1.609630049319805245e+00
1.039908330077200382e+01
8.096900009026395395e+00
6.136517930958749645e+00
8.678034072570810054e+00
6.136517930958749645e+00
4.018052477870398320e+00
3.807062732691569362e+00
7.624787803043177270e+00
1.179232354874052646e+01
2.702789828280608209e+00
3.542110502930233107e+00
2.339370301369074312e+00
3.886349915492472107e+00
4.544599325704925974e+00
2.174330866618579439e+00
1.039908330077200382e+01
5.938555968349024106e+00
2.624331309851516192e+00
3.632971226107808871e+00
1.546893525846544604e+00
3.191930765070057685e+00
3.408561838594738269e+00
6.897911705949119288e+00
2.384017838084120822e+00
2.592592467664705858e+00
1.179232354874052646e+01
1.179232354874052646e+01
1.398629835594442028e+01
2.373734583566903922e+00
3.733622054698024773e+00
6.358606592409067559e+00
9.416914236192898358e+00
5.082138707842611680e+00
1.179232354874052646e+01
2.320790702532501193e+00
2.416218955244159083e+00
2.000042044222678950e+00
1.942660841463103916e+00
1.398629835594442028e+01
3.845928459108548747e+00
3.230853584175824800e+00
3.928432270049376118e+00
1.612222724285456321e+00
4.786736248424851681e+00
1.179232354874052646e+01
4.341567762109392881e+00
1.039908330077200382e+01
8.678034072570810054e+00
2.950626275468136495e+00
3.230853584175824800e+00
2.241513252978981630e+00
2.421793639372847196e+00
1.695804575492734223e+00
1.398629835594442028e+01
1.179232354874052646e+01
4.878394624674863067e+00
6.610073730275682458e+00
3.513735171890392195e+00
1.039908330077200382e+01
8.678034072570810054e+00
9.416914236192898358e+00
2.520321910585981318e+00
1.871747083242710108e+00
4.878394624674863067e+00
1.039908330077200382e+01
4.878394624674863067e+00
1.179232354874052646e+01
6.897911705949119288e+00
3.807062732691569362e+00
4.620389377369722439e+00
4.115858574785381307e+00
9.416914236192898358e+00
6.358606592409067559e+00
5.760690488794116604e+00
1.179232354874052646e+01
4.223157861610916441e+00
1.398629835594442028e+01
3.972290858234542643e+00
7.624787803043177270e+00
8.678034072570810054e+00
2.937092949591392887e+00
1.398629835594442028e+01
2.923820937566300238e+00
2.675464339656973944e+00
5.453294890550574259e+00
3.733622054698024773e+00
1.398629835594442028e+01
4.620389377369722439e+00
4.620389377369722439e+00
1.398629835594442028e+01
7.231669299910323367e+00
2.950626275468136495e+00
5.599771011072511406e+00
3.384154002867322930e+00
2.548103645368455794e+00
7.231669299910323367e+00
4.786736248424851681e+00
2.731409685221252381e+00
1.148758665896676190e+00
2.826137951791407588e+00
5.319245908954468582e+00
6.610073730275682458e+00
8.096900009026395395e+00
3.314915093660648182e+00
1.398629835594442028e+01
8.096900009026395395e+00
2.761427962779658074e+00
1.039908330077200382e+01
7.624787803043177270e+00
2.837587178760800022e+00
1.800421279104389427e+00
9.416914236192898358e+00
2.389241457164998916e+00
2.081239496857343774e+00
3.733622054698024773e+00
1.039908330077200382e+01
2.481166935347186797e+00
2.873187242288851362e+00
2.063518995909134013e+00
8.096900009026395395e+00
6.136517930958749645e+00
2.019265639014609981e+00
4.115858574785381307e+00
1.713636194676861013e+00
4.280858269067012500e+00
3.972290858234542643e+00
1.179232354874052646e+01
9.416914236192898358e+00
1.179232354874052646e+01
1.398629835594442028e+01
2.898028413325541841e+00
6.897911705949119288e+00
4.018052477870398320e+00
4.405553507134619906e+00
6.136517930958749645e+00
1.806027593512753437e+00
1.731092776354615115e+00
1.179232354874052646e+01
4.341567762109392881e+00
3.513735171890392195e+00
2.702789828280608209e+00
3.433687235784068648e+00
6.136517930958749645e+00
6.358606592409067559e+00
2.421793639372847196e+00
2.782273821805790082e+00
3.486234698203102056e+00
4.473116886549839855e+00
5.760690488794116604e+00
5.453294890550574259e+00
3.314915093660648182e+00
1.179232354874052646e+01
6.136517930958749645e+00
2.269132929873628690e+00
4.976593774190632757e+00
1.855250723105172472e+00
4.473116886549839855e+00
8.678034072570810054e+00
6.136517930958749645e+00
1.039908330077200382e+01
6.358606592409067559e+00
6.610073730275682458e+00
5.319245908954468582e+00
3.360430623882499912e+00
8.096900009026395395e+00
1.039908330077200382e+01
5.319245908954468582e+00
2.257085722832981478e+00
1.039908330077200382e+01
1.935692173084929690e+00
6.897911705949119288e+00
1.088810363400092518e+00
2.089092751786702173e+00
9.416914236192898358e+00
8.096900009026395395e+00
8.678034072570810054e+00
3.571407438589082606e+00
4.280858269067012500e+00
2.569904094831461983e+00
1.883255678433888081e+00
6.610073730275682458e+00
8.678034072570810054e+00
3.119509200577058827e+00
1.398629835594442028e+01
1.039908330077200382e+01
2.468734231955952207e+00
2.493900867892873130e+00
4.878394624674863067e+00
4.115858574785381307e+00
1.617502650430984623e+00
5.599771011072511406e+00
4.976593774190632757e+00
3.085742730838076042e+00
2.562541477821151492e+00
1.540546565130029411e+00
1.332689015958703482e+00
1.398629835594442028e+01
2.438896058458208671e+00
2.702789828280608209e+00
1.464008986463765982e+00
2.444726932093984395e+00
2.910802040512921351e+00
1.398629835594442028e+01
1.039908330077200382e+01
6.136517930958749645e+00
4.018052477870398320e+00
2.513593443840427710e+00
2.826137951791407588e+00
1.944425974876258456e+00
4.280858269067012500e+00
1.260022259383898557e+00
2.640883416478467360e+00
4.018052477870398320e+00
5.319245908954468582e+00
2.657919838858120443e+00
9.416914236192898358e+00
4.168228764679975384e+00
7.624787803043177270e+00
1.629584995645309231e+00
1.071252170205957421e+00
1.593261541392945180e+00
1.185907602413467821e+00
5.195979376524188176e+00
2.230184455565479951e+00
1.553062965725112488e+00
2.066000430033257285e+00
1.951580795715425420e+00
1.156837664842274238e+00
2.450624889800860018e+00
5.760690488794116604e+00
1.179232354874052646e+01
1.398629835594442028e+01
6.358606592409067559e+00
7.624787803043177270e+00
1.871747083242710108e+00
1.398629835594442028e+01
4.620389377369722439e+00
3.972290858234542643e+00
5.082138707842611680e+00
7.624787803043177270e+00
1.807162190339417274e+00
4.544599325704925974e+00
1.179232354874052646e+01
1.711237167971968898e+00
4.065856891298627929e+00
2.803830237199933517e+00
8.678034072570810054e+00
2.898028413325541841e+00
6.610073730275682458e+00
4.018052477870398320e+00
6.358606592409067559e+00
1.793836648142190793e+00
6.136517930958749645e+00
3.928432270049376118e+00
2.731409685221252381e+00
1.039908330077200382e+01
3.173174188550006658e+00
8.096900009026395395e+00
1.179232354874052646e+01
1.103566021547039755e+00
1.179232354874052646e+01
1.398629835594442028e+01
2.721719722625026705e+00
1.398629835594442028e+01
3.337360685384656023e+00
1.039908330077200382e+01
4.473116886549839855e+00
3.360430623882499912e+00
3.486234698203102056e+00
6.897911705949119288e+00
8.678034072570810054e+00
4.544599325704925974e+00
4.065856891298627929e+00
1.641761686777392315e+00
5.599771011072511406e+00
1.334955146320841113e+00
1.163748417382203471e+00
4.544599325704925974e+00
5.599771011072511406e+00
4.544599325704925974e+00
7.231669299910323367e+00
1.398629835594442028e+01
4.976593774190632757e+00
1.179232354874052646e+01
7.624787803043177270e+00
2.693542336525760028e+00
3.632971226107808871e+00
4.700931397034700865e+00
1.398629835594442028e+01
6.136517930958749645e+00
2.826137951791407588e+00
4.341567762109392881e+00
2.562541477821151492e+00
2.394521021288847251e+00
1.398629835594442028e+01
1.398629835594442028e+01
2.269132929873628690e+00
2.992881877159055737e+00
1.039908330077200382e+01
1.398629835594442028e+01
7.624787803043177270e+00
6.136517930958749645e+00
3.037823084271166429e+00
1.896728629978438718e+00
2.421793639372847196e+00
6.610073730275682458e+00
4.018052477870398320e+00
1.509473065698152094e+00
5.195979376524188176e+00
3.337360685384656023e+00
1.179232354874052646e+01
1.179232354874052646e+01
1.398629835594442028e+01
7.231669299910323367e+00
4.544599325704925974e+00
1.179232354874052646e+01
1.179232354874052646e+01
8.678034072570810054e+00
3.807062732691569362e+00
4.786736248424851681e+00
4.018052477870398320e+00
3.601676278092701633e+00
2.462627208582242488e+00
3.069418688761713643e+00
5.938555968349024106e+00
2.152049286798052741e+00
3.845928459108548747e+00
1.398629835594442028e+01
3.928432270049376118e+00
1.863387889733868041e+00
1.039908330077200382e+01
2.632548248018265813e+00
3.154863010022843639e+00
5.453294890550574259e+00
4.544599325704925974e+00
1.179232354874052646e+01
3.211150847236301953e+00
1.179232354874052646e+01
2.142858402411555119e+00
2.294236019074040289e+00
9.416914236192898358e+00
1.398629835594442028e+01
6.897911705949119288e+00
5.319245908954468582e+00
4.620389377369722439e+00
4.620389377369722439e+00
6.136517930958749645e+00
1.179232354874052646e+01
1.179232354874052646e+01
1.242852916169872257e+00
5.319245908954468582e+00
7.231669299910323367e+00
1.179232354874052646e+01
8.096900009026395395e+00
1.179232354874052646e+01
4.115858574785381307e+00
7.231669299910323367e+00
2.657919838858120443e+00
1.691355920659442624e+00
2.012742603691572540e+00
5.195979376524188176e+00
8.678034072570810054e+00
6.358606592409067559e+00
1.944425974876258456e+00
2.233928279899840330e+00
1.398629835594442028e+01
3.632971226107808871e+00
5.082138707842611680e+00
4.786736248424851681e+00
2.684434993822597093e+00
5.760690488794116604e+00
6.358606592409067559e+00
8.096900009026395395e+00
4.018052477870398320e+00
2.861105609394871685e+00
1.179232354874052646e+01
4.018052477870398320e+00
1.044766430667865231e+00
1.179232354874052646e+01
3.191930765070057685e+00
1.179232354874052646e+01
1.398629835594442028e+01
7.624787803043177270e+00
6.610073730275682458e+00
1.398629835594442028e+01
1.179232354874052646e+01
9.416914236192898358e+00
2.923820937566300238e+00
5.082138707842611680e+00
3.928432270049376118e+00
3.337360685384656023e+00
2.792960737629894830e+00
8.678034072570810054e+00
1.398629835594442028e+01
3.360430623882499912e+00
5.453294890550574259e+00
4.473116886549839855e+00
5.760690488794116604e+00
2.329989077118142404e+00
1.398629835594442028e+01
1.822333637510243243e+00
7.231669299910323367e+00
9.416914236192898358e+00
3.037823084271166429e+00
1.039908330077200382e+01
8.678034072570810054e+00
1.039908330077200382e+01
1.179232354874052646e+01
1.039908330077200382e+01
8.678034072570810054e+00
1.039908330077200382e+01
4.473116886549839855e+00
1.179232354874052646e+01
3.769656614340512579e+00
6.136517930958749645e+00
1.922179827377391792e+00
7.624787803043177270e+00
2.964429488561219017e+00
2.782273821805790082e+00
5.195979376524188176e+00
6.136517930958749645e+00
2.078657009067041983e+00
4.473116886549839855e+00
1.135513459291822791e+00
3.601676278092701633e+00
6.358606592409067559e+00
1.630716695824725893e+00
1.733686006842316329e+00
9.416914236192898358e+00
9.416914236192898358e+00
4.115858574785381307e+00
6.358606592409067559e+00
2.334656460882007956e+00
5.195979376524188176e+00
5.319245908954468582e+00
1.179232354874052646e+01
2.950626275468136495e+00
4.544599325704925974e+00
9.416914236192898358e+00
1.039908330077200382e+01
8.678034072570810054e+00
2.541024365102452442e+00
1.398629835594442028e+01
3.459565571344153323e+00
4.065856891298627929e+00
5.195979376524188176e+00
5.760690488794116604e+00
1.398629835594442028e+01
2.849241035599817451e+00
3.542110502930233107e+00
3.632971226107808871e+00
2.139840407142331369e+00
2.826137951791407588e+00
3.632971226107808871e+00
7.624787803043177270e+00
9.416914236192898358e+00
3.007550279977043939e+00
1.398629835594442028e+01
1.716870652467030522e+00
1.394457867871006229e+00
8.678034072570810054e+00
1.398629835594442028e+01
1.039908330077200382e+01
2.885492545342460691e+00
6.897911705949119288e+00
2.416218955244159083e+00
8.096900009026395395e+00
1.493998917931183001e+00
2.577365326119689826e+00
1.585299164812916883e+00
1.763062339452765581e+00
5.599771011072511406e+00
1.736305328248197055e+00
6.358606592409067559e+00
7.624787803043177270e+00
4.405553507134619906e+00
1.039908330077200382e+01
1.039908330077200382e+01
4.620389377369722439e+00
1.039908330077200382e+01
2.608241275667662507e+00
7.624787803043177270e+00
7.624787803043177270e+00
9.416914236192898358e+00
9.416914236192898358e+00
5.319245908954468582e+00
3.384154002867322930e+00
2.964429488561219017e+00
3.314915093660648182e+00
4.786736248424851681e+00
5.082138707842611680e+00
4.115858574785381307e+00
1.761128530881026499e+00
6.897911705949119288e+00
4.473116886549839855e+00
4.786736248424851681e+00
7.231669299910323367e+00
1.260819554690455035e+00
8.096900009026395395e+00
1.987780351244256449e+00
2.721719722625026705e+00
2.249231109365875447e+00
6.897911705949119288e+00
1.039908330077200382e+01
2.640883416478467360e+00
2.073543766897996576e+00
1.179232354874052646e+01
3.314915093660648182e+00
5.760690488794116604e+00
1.518065275387956214e+00
2.632548248018265813e+00
2.083839485416548065e+00
5.760690488794116604e+00
3.542110502930233107e+00
1.687709334282742724e+00
6.358606592409067559e+00
4.405553507134619906e+00
7.624787803043177270e+00
1.398629835594442028e+01
6.610073730275682458e+00
2.721719722625026705e+00
9.416914236192898358e+00
4.544599325704925974e+00
1.548035519800923021e+00
4.976593774190632757e+00
3.665350790092954725e+00
5.082138707842611680e+00
2.399857523051045938e+00
2.302919592689344874e+00
9.416914236192898358e+00
1.692829885532442180e+00
3.191930765070057685e+00
1.727674988683409962e+00
4.168228764679975384e+00
5.760690488794116604e+00
2.048964818631229257e+00
8.096900009026395395e+00
2.116478940955882848e+00
8.678034072570810054e+00
1.365555613945894198e+00
2.624331309851516192e+00
2.474913666413131708e+00
8.678034072570810054e+00
2.416218955244159083e+00
6.358606592409067559e+00
3.119509200577058827e+00
7.231669299910323367e+00
4.168228764679975384e+00
1.398629835594442028e+01
8.678034072570810054e+00
4.280858269067012500e+00
1.039908330077200382e+01
2.410705434109829071e+00
1.039908330077200382e+01
3.271789301742745071e+00
4.700931397034700865e+00
1.179232354874052646e+01
1.706506536766934978e+00
4.280858269067012500e+00
1.039908330077200382e+01
1.179232354874052646e+01
1.679874023621307000e+00
8.678034072570810054e+00
1.179232354874052646e+01
4.700931397034700865e+00
4.223157861610916441e+00
2.427430610782826292e+00
2.145899026308645485e+00
4.700931397034700865e+00
4.620389377369722439e+00
9.416914236192898358e+00
3.271789301742745071e+00
5.082138707842611680e+00
6.136517930958749645e+00
4.976593774190632757e+00
5.319245908954468582e+00
2.384017838084120822e+00
7.624787803043177270e+00
1.690622244833503318e+00
3.601676278092701633e+00
5.760690488794116604e+00
3.632971226107808871e+00
3.053449648393774751e+00
1.731092776354615115e+00
3.069418688761713643e+00
2.119325454728119507e+00
2.353798308609992951e+00
1.179232354874052646e+01
8.678034072570810054e+00
3.408561838594738269e+00
7.624787803043177270e+00
1.039908330077200382e+01
1.179232354874052646e+01
6.610073730275682458e+00
3.845928459108548747e+00
1.039908330077200382e+01
8.678034072570810054e+00
5.319245908954468582e+00
4.018052477870398320e+00
1.039908330077200382e+01
6.897911705949119288e+00
6.897911705949119288e+00
5.319245908954468582e+00
7.231669299910323367e+00
4.405553507134619906e+00
5.195979376524188176e+00
1.039908330077200382e+01
1.238277867395321641e+00
4.786736248424851681e+00
1.674331158944195153e+00
1.877448210748784874e+00
4.473116886549839855e+00
9.416914236192898358e+00
1.039908330077200382e+01
1.398629835594442028e+01
2.493900867892873130e+00
5.938555968349024106e+00
6.610073730275682458e+00
5.599771011072511406e+00
4.341567762109392881e+00
6.897911705949119288e+00
3.972290858234542643e+00
3.972290858234542643e+00
9.416914236192898358e+00
4.700931397034700865e+00
2.873187242288851362e+00
8.678034072570810054e+00
7.231669299910323367e+00
3.271789301742745071e+00
6.897911705949119288e+00
5.195979376524188176e+00
1.398629835594442028e+01
2.184258738671068123e+00
7.231669299910323367e+00
2.384017838084120822e+00
3.314915093660648182e+00
2.450624889800860018e+00
3.459565571344153323e+00
1.523689191350761307e+00
1.867539113835004816e+00
3.665350790092954725e+00
1.512292334553603901e+00
1.844730138050878709e+00
3.807062732691569362e+00
3.665350790092954725e+00
3.314915093660648182e+00
5.599771011072511406e+00
1.039908330077200382e+01
3.486234698203102056e+00
2.099818125488933873e+00
8.096900009026395395e+00
7.231669299910323367e+00
1.951580795715425420e+00
1.562285119096279207e+00
3.384154002867322930e+00
2.081239496857343774e+00
3.665350790092954725e+00
2.017078158385880116e+00
1.814065578980001980e+00
6.897911705949119288e+00
2.849241035599817451e+00
4.065856891298627929e+00
4.280858269067012500e+00
1.838337200886246414e+00
2.577365326119689826e+00
4.405553507134619906e+00
4.280858269067012500e+00
4.700931397034700865e+00
6.897911705949119288e+00
7.624787803043177270e+00
2.456591210813403148e+00
3.928432270049376118e+00
3.571407438589082606e+00
3.211150847236301953e+00
1.642956268933256858e+00
2.771764498081669359e+00
1.398629835594442028e+01
1.857939043089982700e+00
1.398629835594442028e+01
1.152882436261027266e+00
5.319245908954468582e+00
1.225793026112843132e+00
1.080076832204962978e+00
1.156725437521860300e+00
2.245355332279880933e+00
1.957048257173170214e+00
4.786736248424851681e+00
1.638802387903448121e+00
2.675464339656973944e+00
1.193710703187461641e+00
1.123103450004549586e+00
3.271789301742745071e+00
1.039908330077200382e+01
3.972290858234542643e+00
4.878394624674863067e+00
1.694312740954528662e+00
4.976593774190632757e+00
1.039908330077200382e+01
2.058604584203729271e+00
2.898028413325541841e+00
2.684434993822597093e+00
1.179232354874052646e+01
1.839604877463098420e+00
6.136517930958749645e+00
5.082138707842611680e+00
1.914008960036917228e+00
4.168228764679975384e+00
4.786736248424851681e+00
9.416914236192898358e+00
1.798209334120603353e+00
5.599771011072511406e+00
4.976593774190632757e+00
5.319245908954468582e+00
6.358606592409067559e+00
8.096900009026395395e+00
1.039908330077200382e+01
5.082138707842611680e+00
3.102434947113386521e+00
2.684434993822597093e+00
6.897911705949119288e+00
3.360430623882499912e+00
6.897911705949119288e+00
1.972072196447874237e+00
4.341567762109392881e+00
3.271789301742745071e+00
3.486234698203102056e+00
4.700931397034700865e+00
1.896728629978438718e+00
8.678034072570810054e+00
8.678034072570810054e+00
8.678034072570810054e+00
5.453294890550574259e+00
2.657919838858120443e+00
1.808301299645871385e+00
1.342023589302404840e+00
2.155159499064206230e+00
5.599771011072511406e+00
5.938555968349024106e+00
5.195979376524188176e+00
8.678034072570810054e+00
1.039908330077200382e+01
4.878394624674863067e+00
2.608241275667662507e+00
2.405251979736009904e+00
4.786736248424851681e+00
3.293066527421812495e+00
2.782273821805790082e+00
3.928432270049376118e+00
3.037823084271166429e+00
2.233928279899840330e+00
5.453294890550574259e+00
2.277347448405974362e+00
2.184258738671068123e+00
2.068498250266853411e+00
3.886349915492472107e+00
2.814887509662116649e+00
7.231669299910323367e+00
1.781113038153766981e+00
6.136517930958749645e+00
3.733622054698024773e+00
1.398629835594442028e+01
5.195979376524188176e+00
2.873187242288851362e+00
3.665350790092954725e+00
1.299149513822946300e+00
1.039908330077200382e+01
1.179232354874052646e+01
8.678034072570810054e+00
5.760690488794116604e+00
2.215523133194084338e+00
8.096900009026395395e+00
8.678034072570810054e+00
1.504869951097344005e+00
2.130919458987305060e+00
5.195979376524188176e+00
1.849944559679963074e+00
1.398629835594442028e+01
1.398629835594442028e+01
8.678034072570810054e+00
8.096900009026395395e+00
1.039908330077200382e+01
1.406602062875821346e+00
1.398443353864216476e+00
3.271789301742745071e+00
4.473116886549839855e+00
3.251059244529220571e+00
3.251059244529220571e+00
5.760690488794116604e+00
4.223157861610916441e+00
3.007550279977043939e+00
4.405553507134619906e+00
2.233928279899840330e+00
2.577365326119689826e+00
3.459565571344153323e+00
6.610073730275682458e+00
2.592592467664705858e+00
1.686265806167448256e+00
1.666250713802804873e+00
5.760690488794116604e+00
9.416914236192898358e+00
2.649339640162833298e+00
4.223157861610916441e+00
3.293066527421812495e+00
8.678034072570810054e+00
4.018052477870398320e+00
8.678034072570810054e+00
1.607068080514739039e+00
3.733622054698024773e+00
2.044236829223658347e+00
2.910802040512921351e+00
1.834566297127643297e+00
4.405553507134619906e+00
2.500384580221138187e+00
3.085742730838076042e+00
2.608241275667662507e+00
1.398629835594442028e+01
4.976593774190632757e+00
4.473116886549839855e+00
2.761427962779658074e+00
1.398629835594442028e+01
9.416914236192898358e+00
1.615905220595098779e+00
1.876013085437132633e+00
4.786736248424851681e+00
1.118898318720831897e+00
1.960742786359270573e+00
7.231669299910323367e+00
1.179232354874052646e+01
6.610073730275682458e+00
3.037823084271166429e+00
2.273221519718087613e+00
4.700931397034700865e+00
7.231669299910323367e+00
2.269132929873628690e+00
8.678034072570810054e+00
8.678034072570810054e+00
8.678034072570810054e+00
5.453294890550574259e+00
1.630150129761251954e+00
3.571407438589082606e+00
7.624787803043177270e+00
3.337360685384656023e+00
4.620389377369722439e+00
9.416914236192898358e+00
2.600362969809127289e+00
3.037823084271166429e+00
5.082138707842611680e+00
4.115858574785381307e+00
1.398629835594442028e+01
2.102546282815882961e+00
2.368673079661606895e+00
4.473116886549839855e+00
3.337360685384656023e+00
1.315993343586952857e+00
4.786736248424851681e+00
2.450624889800860018e+00
5.453294890550574259e+00
4.786736248424851681e+00
5.195979376524188176e+00
9.416914236192898358e+00
1.786344281516198507e+00
1.734556193726289886e+00
7.231669299910323367e+00
1.656524024753389002e+00
9.416914236192898358e+00
2.456591210813403148e+00
3.845928459108548747e+00
2.076091829084566687e+00
2.410705434109829071e+00
4.976593774190632757e+00
5.195979376524188176e+00
9.416914236192898358e+00
1.398629835594442028e+01
7.624787803043177270e+00
1.808301299645871385e+00
1.639391170626933514e+00
2.782273821805790082e+00
1.039908330077200382e+01
1.039908330077200382e+01
1.596630005121872697e+00
8.096900009026395395e+00
1.398629835594442028e+01
1.398629835594442028e+01
8.678034072570810054e+00
1.179232354874052646e+01
4.976593774190632757e+00
2.826137951791407588e+00
5.599771011072511406e+00
8.096900009026395395e+00
3.601676278092701633e+00
1.447445997408870699e+00
1.906038887822977035e+00
1.179232354874052646e+01
6.610073730275682458e+00
1.723465429653036285e+00
5.319245908954468582e+00
1.398629835594442028e+01
4.341567762109392881e+00
3.173174188550006658e+00
5.195979376524188176e+00
1.428580373854038132e+00
1.416653874847190187e+00
1.179232354874052646e+01
1.039908330077200382e+01
8.678034072570810054e+00
6.897911705949119288e+00
5.195979376524188176e+00
8.678034072570810054e+00
4.878394624674863067e+00
4.878394624674863067e+00
9.416914236192898358e+00
2.394521021288847251e+00
9.416914236192898358e+00
3.928432270049376118e+00
7.624787803043177270e+00
3.632971226107808871e+00
1.460932990486410121e+00
1.923838832104473706e+00
1.179232354874052646e+01
7.231669299910323367e+00
1.979837573903036496e+00
5.760690488794116604e+00
2.898028413325541841e+00
3.769656614340512579e+00
1.743421078972118288e+00
1.179232354874052646e+01
8.678034072570810054e+00
1.039908330077200382e+01
6.897911705949119288e+00
2.456591210813403148e+00
1.398629835594442028e+01
7.624787803043177270e+00
6.610073730275682458e+00
1.334479449717850486e+00
2.122192516203067036e+00
4.620389377369722439e+00
6.358606592409067559e+00
5.319245908954468582e+00
3.928432270049376118e+00
1.398629835594442028e+01
2.964429488561219017e+00
3.251059244529220571e+00
3.769656614340512579e+00
3.807062732691569362e+00
8.096900009026395395e+00
1.039908330077200382e+01
1.494855856649584647e+00
1.179232354874052646e+01
1.039908330077200382e+01
2.307323386490875983e+00
3.293066527421812495e+00
3.085742730838076042e+00
1.495429481796088922e+00
1.325348412224565564e+00
1.179232354874052646e+01
3.037823084271166429e+00
2.577365326119689826e+00
8.096900009026395395e+00
3.769656614340512579e+00
4.976593774190632757e+00
3.632971226107808871e+00
9.416914236192898358e+00
6.358606592409067559e+00
2.803830237199933517e+00
3.022527077779549209e+00
2.898028413325541841e+00
5.453294890550574259e+00
3.102434947113386521e+00
2.487495501406502996e+00
9.416914236192898358e+00
1.179232354874052646e+01
1.179232354874052646e+01
3.632971226107808871e+00
4.115858574785381307e+00
1.179232354874052646e+01
1.179232354874052646e+01
1.398629835594442028e+01
1.179232354874052646e+01
3.251059244529220571e+00
6.610073730275682458e+00
7.624787803043177270e+00
4.405553507134619906e+00
1.568538142660927948e+00
6.358606592409067559e+00
1.293415981069916398e+00
1.398629835594442028e+01
6.136517930958749645e+00
1.321208311466566254e+00
1.537269398710406687e+00
6.610073730275682458e+00
9.416914236192898358e+00
7.624787803043177270e+00
2.600362969809127289e+00
7.624787803043177270e+00
1.179232354874052646e+01
5.453294890550574259e+00
8.678034072570810054e+00
5.938555968349024106e+00
2.684434993822597093e+00
7.624787803043177270e+00
2.731409685221252381e+00
5.082138707842611680e+00
1.066168761222223482e+00
1.179232354874052646e+01
1.039908330077200382e+01
1.977879854969469831e+00
2.721719722625026705e+00
8.096900009026395395e+00
6.136517930958749645e+00
2.950626275468136495e+00
1.039908330077200382e+01
5.760690488794116604e+00
6.358606592409067559e+00
6.136517930958749645e+00
3.069418688761713643e+00
1.197866057380210236e+00
1.843440562631710078e+00
1.179232354874052646e+01
4.700931397034700865e+00
4.700931397034700865e+00
1.368890997758809069e+00
2.384017838084120822e+00
3.513735171890392195e+00
5.760690488794116604e+00
4.976593774190632757e+00
2.992881877159055737e+00
2.136844764772016347e+00
1.039908330077200382e+01
1.398629835594442028e+01
2.978511558928810921e+00
5.599771011072511406e+00
2.937092949591392887e+00
1.874584555473808312e+00
3.251059244529220571e+00
3.459565571344153323e+00
5.453294890550574259e+00
4.405553507134619906e+00
5.082138707842611680e+00
3.433687235784068648e+00
1.957048257173170214e+00
7.624787803043177270e+00
2.450624889800860018e+00
3.360430623882499912e+00
5.453294890550574259e+00
4.473116886549839855e+00
6.897911705949119288e+00
4.620389377369722439e+00
1.947984362959267468e+00
2.600362969809127289e+00
3.486234698203102056e+00
1.928866762260708967e+00
2.384017838084120822e+00
5.195979376524188176e+00
6.358606592409067559e+00
3.293066527421812495e+00
1.179232354874052646e+01
1.398629835594442028e+01
6.358606592409067559e+00
4.786736248424851681e+00
9.416914236192898358e+00
1.693570196418056062e+00
5.599771011072511406e+00
1.179232354874052646e+01
6.610073730275682458e+00
1.039908330077200382e+01
5.195979376524188176e+00
1.840877971091763765e+00
3.230853584175824800e+00
8.096900009026395395e+00
6.610073730275682458e+00
1.039908330077200382e+01
5.938555968349024106e+00
4.976593774190632757e+00
3.972290858234542643e+00
4.878394624674863067e+00
5.195979376524188176e+00
7.624787803043177270e+00
8.678034072570810054e+00
3.928432270049376118e+00
1.179232354874052646e+01
9.416914236192898358e+00
2.534035564788753359e+00
7.624787803043177270e+00
4.976593774190632757e+00
3.972290858234542643e+00
7.624787803043177270e+00
6.897911705949119288e+00
6.358606592409067559e+00
3.886349915492472107e+00
6.610073730275682458e+00
1.179232354874052646e+01
1.179232354874052646e+01
1.179232354874052646e+01
8.678034072570810054e+00
5.760690488794116604e+00
1.622912948248582676e+00
6.136517930958749645e+00
3.769656614340512579e+00
5.453294890550574259e+00
1.398629835594442028e+01
1.179232354874052646e+01
1.244172642200967793e+00
1.798209334120603353e+00
3.571407438589082606e+00
2.950626275468136495e+00
1.039908330077200382e+01
1.179232354874052646e+01
2.148962559320569898e+00
8.678034072570810054e+00
1.749808874729679831e+00
2.329989077118142404e+00
8.096900009026395395e+00
1.398629835594442028e+01
5.760690488794116604e+00
8.678034072570810054e+00
2.493900867892873130e+00
6.358606592409067559e+00
3.632971226107808871e+00
2.348940432796867483e+00
5.453294890550574259e+00
6.610073730275682458e+00
2.211934144629770671e+00
2.861105609394871685e+00
6.358606592409067559e+00
2.741254929226880854e+00
1.039908330077200382e+01
8.678034072570810054e+00
1.179232354874052646e+01
1.398629835594442028e+01
2.731409685221252381e+00
1.581654993923157004e+00
1.179232354874052646e+01
1.398629835594442028e+01
5.453294890550574259e+00
6.358606592409067559e+00
1.039908330077200382e+01
1.039908330077200382e+01
6.136517930958749645e+00
5.319245908954468582e+00
1.398629835594442028e+01
1.904468257687311983e+00
6.610073730275682458e+00
9.416914236192898358e+00
1.679874023621307000e+00
1.382865834965991692e+00
7.624787803043177270e+00
3.601676278092701633e+00
6.897911705949119288e+00
3.972290858234542643e+00
1.398629835594442028e+01
1.189504425366703089e+00
1.039908330077200382e+01
2.030405408476923856e+00
2.325367401599962136e+00
2.616229867989665170e+00
1.039908330077200382e+01
2.640883416478467360e+00
6.358606592409067559e+00
6.136517930958749645e+00
3.191930765070057685e+00
2.191010190989294504e+00
1.179232354874052646e+01
2.048964818631229257e+00
1.864765403901493812e+00
5.760690488794116604e+00
6.610073730275682458e+00
2.152049286798052741e+00
4.341567762109392881e+00
5.082138707842611680e+00
3.102434947113386521e+00
4.544599325704925974e+00
9.416914236192898358e+00
1.846025285547213679e+00
1.907617228716547819e+00
2.487495501406502996e+00
3.665350790092954725e+00
3.459565571344153323e+00
8.678034072570810054e+00
5.082138707842611680e+00
7.624787803043177270e+00
7.231669299910323367e+00
3.486234698203102056e+00
2.017078158385880116e+00
4.341567762109392881e+00
3.632971226107808871e+00
1.039908330077200382e+01
8.678034072570810054e+00
9.416914236192898358e+00
1.398629835594442028e+01
3.486234698203102056e+00
7.624787803043177270e+00
4.341567762109392881e+00
4.405553507134619906e+00
5.195979376524188176e+00
1.398629835594442028e+01
6.136517930958749645e+00
4.620389377369722439e+00
5.082138707842611680e+00
1.179232354874052646e+01
5.599771011072511406e+00
3.337360685384656023e+00
8.678034072570810054e+00
6.897911705949119288e+00
3.486234698203102056e+00
1.039908330077200382e+01
2.462627208582242488e+00
1.398629835594442028e+01
6.358606592409067559e+00
1.798209334120603353e+00
2.513593443840427710e+00
1.179232354874052646e+01
5.760690488794116604e+00
6.610073730275682458e+00
1.398629835594442028e+01
7.231669299910323367e+00
5.453294890550574259e+00
7.231669299910323367e+00
2.562541477821151492e+00
5.319245908954468582e+00
9.416914236192898358e+00
2.675464339656973944e+00
4.620389377369722439e+00
1.179232354874052646e+01
4.065856891298627929e+00
1.039908330077200382e+01
3.384154002867322930e+00
1.179232354874052646e+01
1.574118844328355360e+00
1.574991184971638702e+00
5.319245908954468582e+00
1.253446476096732765e+00
1.272650570755001542e+00
2.792960737629894830e+00
2.230184455565479951e+00
6.897911705949119288e+00
5.938555968349024106e+00
9.416914236192898358e+00
3.542110502930233107e+00
1.398629835594442028e+01
3.632971226107808871e+00
3.433687235784068648e+00
9.416914236192898358e+00
3.807062732691569362e+00
3.972290858234542643e+00
1.179232354874052646e+01
5.319245908954468582e+00
1.635301499288751792e+00
1.440280988425666875e+00
3.102434947113386521e+00
5.760690488794116604e+00
5.760690488794116604e+00
2.923820937566300238e+00
6.358606592409067559e+00
4.544599325704925974e+00
1.179232354874052646e+01
3.601676278092701633e+00
3.513735171890392195e+00
4.976593774190632757e+00
4.280858269067012500e+00
9.416914236192898358e+00
1.714440951461781992e+00
5.319245908954468582e+00
7.624787803043177270e+00
7.624787803043177270e+00
8.096900009026395395e+00
4.341567762109392881e+00
6.136517930958749645e+00
5.195979376524188176e+00
3.665350790092954725e+00
6.610073730275682458e+00
6.358606592409067559e+00
4.223157861610916441e+00
6.897911705949119288e+00
6.136517930958749645e+00
6.897911705949119288e+00
6.136517930958749645e+00
5.760690488794116604e+00
2.307323386490875983e+00
3.191930765070057685e+00
3.632971226107808871e+00
1.750734097684823132e+00
4.168228764679975384e+00
4.786736248424851681e+00
5.599771011072511406e+00
3.314915093660648182e+00
1.179232354874052646e+01
1.179232354874052646e+01
2.849241035599817451e+00
3.314915093660648182e+00
1.179232354874052646e+01
5.453294890550574259e+00
4.786736248424851681e+00
1.179232354874052646e+01
3.230853584175824800e+00
3.601676278092701633e+00
1.618574112388694974e+00
3.542110502930233107e+00
8.096900009026395395e+00
1.396743390365392967e+00
7.624787803043177270e+00
7.231669299910323367e+00
8.678034072570810054e+00
1.559028477636301258e+00
1.611701703752035586e+00
3.251059244529220571e+00
1.871747083242710108e+00
1.664930334848091498e+00
1.695057530250765110e+00
1.069531363292600457e+00
2.500384580221138187e+00
4.115858574785381307e+00
1.336008425328876204e+00
1.176674341128564061e+00
2.368673079661606895e+00
7.231669299910323367e+00
2.152049286798052741e+00
1.458605568958885268e+00
1.142638705782416331e+00
5.082138707842611680e+00
1.632425045663710161e+00
2.771764498081669359e+00
2.474913666413131708e+00
1.661661388374338078e+00
1.522017273659597159e+00
1.786344281516198507e+00
1.776997957041393628e+00
3.807062732691569362e+00
8.096900009026395395e+00
3.542110502930233107e+00
4.065856891298627929e+00
5.938555968349024106e+00
3.601676278092701633e+00
4.786736248424851681e+00
3.769656614340512579e+00
3.632971226107808871e+00
2.684434993822597093e+00
2.684434993822597093e+00
1.039908330077200382e+01
5.082138707842611680e+00
3.486234698203102056e+00
2.693542336525760028e+00
3.601676278092701633e+00
8.678034072570810054e+00
5.760690488794116604e+00
1.113229801649950890e+00
8.678034072570810054e+00
1.284252296593663800e+00
1.514196450320194565e+00
1.358553519153886224e+00
1.461873321893286670e+00
6.358606592409067559e+00
7.624787803043177270e+00
5.195979376524188176e+00
5.453294890550574259e+00
1.867539113835004816e+00
1.398629835594442028e+01
8.096900009026395395e+00
3.293066527421812495e+00
6.358606592409067559e+00
3.408561838594738269e+00
3.230853584175824800e+00
3.271789301742745071e+00
4.065856891298627929e+00
2.751259591213044420e+00
2.014903856650893665e+00
2.541024365102452442e+00
5.319245908954468582e+00
5.195979376524188176e+00
2.097108907371464603e+00
2.219142236511675303e+00
6.897911705949119288e+00
9.416914236192898358e+00
5.760690488794116604e+00
6.610073730275682458e+00
2.249231109365875447e+00
3.769656614340512579e+00
1.398629835594442028e+01
3.513735171890392195e+00
6.610073730275682458e+00
5.319245908954468582e+00
1.645970353209087467e+00
4.620389377369722439e+00
3.230853584175824800e+00
5.319245908954468582e+00
1.398629835594442028e+01
1.727674988683409962e+00
9.416914236192898358e+00
6.136517930958749645e+00
5.319245908954468582e+00
3.085742730838076042e+00
2.937092949591392887e+00
3.314915093660648182e+00
4.544599325704925974e+00
8.096900009026395395e+00
1.149440540076645645e+00
2.657919838858120443e+00
2.041895250132428785e+00
3.293066527421812495e+00
1.469842973989804680e+00
2.257085722832981478e+00
1.551113996586805488e+00
1.829612011311977149e+00
6.897911705949119288e+00
5.453294890550574259e+00
9.416914236192898358e+00
8.678034072570810054e+00
8.096900009026395395e+00
2.257085722832981478e+00
1.804897479832292317e+00
6.358606592409067559e+00
1.179232354874052646e+01
4.976593774190632757e+00
8.096900009026395395e+00
6.358606592409067559e+00
4.976593774190632757e+00
1.878889981653467878e+00
1.686265806167448256e+00
4.115858574785381307e+00
4.786736248424851681e+00
7.624787803043177270e+00
3.513735171890392195e+00
1.179232354874052646e+01
4.341567762109392881e+00
1.776997957041393628e+00
1.415599579343796321e+00
2.861105609394871685e+00
1.179232354874052646e+01
5.319245908954468582e+00
1.179232354874052646e+01
4.405553507134619906e+00
1.039908330077200382e+01
9.416914236192898358e+00
1.807162190339417274e+00
1.600546451022113903e+00
1.398629835594442028e+01
9.416914236192898358e+00
6.610073730275682458e+00
1.785290136115483595e+00
5.938555968349024106e+00
1.179232354874052646e+01
1.993857910295951941e+00
6.136517930958749645e+00
1.179232354874052646e+01
3.037823084271166429e+00
3.337360685384656023e+00
5.195979376524188176e+00
2.513593443840427710e+00
6.136517930958749645e+00
1.602532031068449658e+00
1.363859293157122954e+00
2.513593443840427710e+00
2.487495501406502996e+00
6.897911705949119288e+00
1.502761584539539452e+00
6.610073730275682458e+00
1.637045166256003714e+00
3.085742730838076042e+00
1.512292334553603901e+00
7.231669299910323367e+00
2.353798308609992951e+00
1.619111811722825589e+00
1.583925075038217223e+00
2.099818125488933873e+00
1.179232354874052646e+01
2.122192516203067036e+00
1.846025285547213679e+00
4.544599325704925974e+00
2.814887509662116649e+00
2.006335862824390581e+00
6.136517930958749645e+00
5.760690488794116604e+00
2.761427962779658074e+00
8.096900009026395395e+00
5.082138707842611680e+00
2.562541477821151492e+00
1.814065578980001980e+00
1.342124740266809502e+00
1.148401771326223786e+00
1.224919395987749127e+00
5.599771011072511406e+00
4.700931397034700865e+00
1.231042305114053770e+00
1.179232354874052646e+01
1.809444951033591487e+00
4.405553507134619906e+00
6.136517930958749645e+00
1.398629835594442028e+01
9.416914236192898358e+00
6.358606592409067559e+00
4.280858269067012500e+00
9.416914236192898358e+00
4.700931397034700865e+00
5.599771011072511406e+00
2.782273821805790082e+00
2.666627031328418163e+00
1.452928950641449779e+00
7.231669299910323367e+00
9.416914236192898358e+00
1.179232354874052646e+01
9.416914236192898358e+00
1.398629835594442028e+01
1.398629835594442028e+01
5.938555968349024106e+00
5.760690488794116604e+00
5.082138707842611680e+00
1.039908330077200382e+01
1.179232354874052646e+01
1.039908330077200382e+01
1.808301299645871385e+00
3.698878228091092790e+00
3.173174188550006658e+00
5.938555968349024106e+00
4.405553507134619906e+00
2.803830237199933517e+00
2.792960737629894830e+00
6.897911705949119288e+00
3.886349915492472107e+00
1.039908330077200382e+01
1.398629835594442028e+01
1.758253545416706531e+00
1.765010058730791975e+00
1.156023572551192480e+00
4.341567762109392881e+00
9.416914236192898358e+00
5.082138707842611680e+00
1.363738974739878707e+00
8.678034072570810054e+00
6.610073730275682458e+00
4.168228764679975384e+00
6.358606592409067559e+00
3.433687235784068648e+00
4.620389377369722439e+00
3.314915093660648182e+00
4.620389377369722439e+00
2.814887509662116649e+00
1.881793663900440006e+00
6.897911705949119288e+00
3.433687235784068648e+00
2.814887509662116649e+00
1.366412172895866028e+00
5.319245908954468582e+00
1.269087763083396103e+00
8.678034072570810054e+00
2.171073355924248105e+00
1.372828291586602134e+00
2.180923220552969610e+00
2.241513252978981630e+00
1.935692173084929690e+00
1.276072786873348130e+00
1.050840466914850779e+00
2.712181052790382907e+00
2.245355332279880933e+00
5.599771011072511406e+00
5.599771011072511406e+00
1.398629835594442028e+01
6.897911705949119288e+00
3.173174188550006658e+00
1.857939043089982700e+00
1.179232354874052646e+01
1.968254011865724351e+00
5.453294890550574259e+00
4.223157861610916441e+00
2.684434993822597093e+00
6.897911705949119288e+00
1.870338043093809466e+00
1.925506275456442706e+00
1.960742786359270573e+00
1.398629835594442028e+01
2.741254929226880854e+00
5.599771011072511406e+00
2.978511558928810921e+00
2.241513252978981630e+00
3.972290858234542643e+00
1.039908330077200382e+01
1.398629835594442028e+01
5.760690488794116604e+00
2.569904094831461983e+00
4.115858574785381307e+00
6.897911705949119288e+00
3.665350790092954725e+00
2.177614043364521912e+00
9.416914236192898358e+00
2.910802040512921351e+00
4.280858269067012500e+00
1.398629835594442028e+01
3.542110502930233107e+00
1.398629835594442028e+01
3.102434947113386521e+00
5.453294890550574259e+00
3.384154002867322930e+00
2.265081126183691840e+00
4.544599325704925974e+00
1.983786372907046847e+00
3.154863010022843639e+00
1.370148258802004637e+00
1.968254011865724351e+00
2.394521021288847251e+00
2.712181052790382907e+00
1.957048257173170214e+00
4.115858574785381307e+00
3.698878228091092790e+00
1.922179827377391792e+00
3.928432270049376118e+00
8.096900009026395395e+00
6.136517930958749645e+00
4.878394624674863067e+00
8.096900009026395395e+00
5.938555968349024106e+00
3.733622054698024773e+00
6.358606592409067559e+00
5.082138707842611680e+00
2.923820937566300238e+00
2.348940432796867483e+00
1.179232354874052646e+01
4.280858269067012500e+00
3.928432270049376118e+00
6.610073730275682458e+00
6.610073730275682458e+00
2.008458732504395883e+00
2.721719722625026705e+00
6.610073730275682458e+00
4.341567762109392881e+00
7.624787803043177270e+00
2.500384580221138187e+00
2.506948227443301036e+00
1.832078762928162297e+00
3.459565571344153323e+00
1.179232354874052646e+01
9.416914236192898358e+00
6.136517930958749645e+00
5.453294890550574259e+00
5.760690488794116604e+00
1.398629835594442028e+01
1.398629835594442028e+01
8.096900009026395395e+00
1.039908330077200382e+01
1.179232354874052646e+01
1.835817947987702592e+00
2.861105609394871685e+00
3.886349915492472107e+00
8.096900009026395395e+00
2.937092949591392887e+00
8.096900009026395395e+00
2.456591210813403148e+00
2.569904094831461983e+00
4.976593774190632757e+00
4.976593774190632757e+00
4.620389377369722439e+00
6.358606592409067559e+00
5.453294890550574259e+00
2.394521021288847251e+00
4.018052477870398320e+00
3.698878228091092790e+00
6.897911705949119288e+00
7.624787803043177270e+00
3.733622054698024773e+00
1.690622244833503318e+00
2.273221519718087613e+00
6.610073730275682458e+00
2.265081126183691840e+00
1.398629835594442028e+01
6.897911705949119288e+00
2.289954970753452557e+00
2.964429488561219017e+00
2.378849195377106263e+00
6.610073730275682458e+00
1.398629835594442028e+01
2.712181052790382907e+00
8.096900009026395395e+00
1.398629835594442028e+01
1.179232354874052646e+01
8.678034072570810054e+00
1.179232354874052646e+01
8.096900009026395395e+00
8.678034072570810054e+00
5.938555968349024106e+00
2.741254929226880854e+00
1.944425974876258456e+00
2.640883416478467360e+00
1.039908330077200382e+01
2.204844879275643876e+00
1.165748589369603128e+00
5.599771011072511406e+00
3.102434947113386521e+00
2.548103645368455794e+00
2.311769387157330158e+00
1.918886854483606852e+00
1.553848009273288699e+00
1.398629835594442028e+01
1.917252748664020290e+00
2.771764498081669359e+00
2.624331309851516192e+00
5.453294890550574259e+00
1.398629835594442028e+01
3.337360685384656023e+00
2.399857523051045938e+00
1.179232354874052646e+01
2.741254929226880854e+00
1.179232354874052646e+01
2.389241457164998916e+00
2.158293491526126928e+00
1.179232354874052646e+01
1.179232354874052646e+01
2.204844879275643876e+00
2.826137951791407588e+00
2.285713591526753241e+00
4.700931397034700865e+00
6.897911705949119288e+00
9.416914236192898358e+00
3.069418688761713643e+00
2.142858402411555119e+00
1.179232354874052646e+01
4.223157861610916441e+00
1.398629835594442028e+01
6.136517930958749645e+00
8.096900009026395395e+00
7.624787803043177270e+00
6.897911705949119288e+00
8.678034072570810054e+00
3.928432270049376118e+00
4.620389377369722439e+00
4.878394624674863067e+00
3.022527077779549209e+00
4.223157861610916441e+00
1.179232354874052646e+01
9.416914236192898358e+00
2.562541477821151492e+00
3.542110502930233107e+00
5.938555968349024106e+00
3.337360685384656023e+00
1.328463784606006559e+00
1.179232354874052646e+01
2.444726932093984395e+00
9.416914236192898358e+00
3.632971226107808871e+00
9.416914236192898358e+00
9.416914236192898358e+00
2.041895250132428785e+00
3.972290858234542643e+00
1.179232354874052646e+01
3.886349915492472107e+00
3.069418688761713643e+00
3.698878228091092790e+00
5.760690488794116604e+00
3.513735171890392195e+00
4.341567762109392881e+00
1.179232354874052646e+01
4.223157861610916441e+00
6.897911705949119288e+00
6.897911705949119288e+00
8.096900009026395395e+00
5.938555968349024106e+00
2.032674798815480521e+00
1.890669599416462843e+00
5.760690488794116604e+00
2.751259591213044420e+00
1.398629835594442028e+01
9.416914236192898358e+00
3.069418688761713643e+00
5.599771011072511406e+00
2.078657009067041983e+00
3.433687235784068648e+00
1.249328510401447101e+00
1.923838832104473706e+00
3.154863010022843639e+00
3.154863010022843639e+00
3.069418688761713643e+00
3.513735171890392195e+00
3.408561838594738269e+00
3.337360685384656023e+00
1.179232354874052646e+01
8.096900009026395395e+00
3.886349915492472107e+00
1.039908330077200382e+01
2.803830237199933517e+00
3.928432270049376118e+00
6.136517930958749645e+00
1.179232354874052646e+01
2.978511558928810921e+00
3.271789301742745071e+00
7.231669299910323367e+00
2.632548248018265813e+00
1.179232354874052646e+01
5.453294890550574259e+00
4.544599325704925974e+00
9.416914236192898358e+00
7.231669299910323367e+00
2.339370301369074312e+00
4.786736248424851681e+00
6.358606592409067559e+00
1.039908330077200382e+01
1.993857910295951941e+00
2.155159499064206230e+00
1.385673546663085176e+00
2.294236019074040289e+00
2.527135357484368683e+00
4.168228764679975384e+00
1.179232354874052646e+01
1.179232354874052646e+01
6.358606592409067559e+00
5.195979376524188176e+00
7.624787803043177270e+00
1.039908330077200382e+01
3.886349915492472107e+00
3.698878228091092790e+00
9.416914236192898358e+00
1.591834234669926573e+00
1.694312740954528662e+00
2.416218955244159083e+00
4.405553507134619906e+00
1.039908330077200382e+01
4.115858574785381307e+00
9.416914236192898358e+00
2.344131364229995906e+00
2.898028413325541841e+00
1.398629835594442028e+01
2.405251979736009904e+00
1.398629835594442028e+01
6.610073730275682458e+00
1.594218485481990077e+00
2.569904094831461983e+00
1.398629835594442028e+01
5.760690488794116604e+00
3.486234698203102056e+00
1.398629835594442028e+01
4.473116886549839855e+00
1.673647221438749000e+00
6.897911705949119288e+00
1.179232354874052646e+01
2.191010190989294504e+00
7.231669299910323367e+00
1.039908330077200382e+01
6.136517930958749645e+00
1.179232354874052646e+01
1.323087325245199564e+00
1.550339811507596366e+00
3.136980091804868032e+00
1.398629835594442028e+01
5.599771011072511406e+00
6.610073730275682458e+00
2.433131022740910421e+00
3.408561838594738269e+00
1.288168709490651986e+00
1.398629835594442028e+01
1.543507374989875558e+00
4.018052477870398320e+00
1.375300781924632565e+00
2.237704392145309029e+00
1.352136032469193783e+00
4.168228764679975384e+00
4.976593774190632757e+00
1.239825334523074307e+00
2.399857523051045938e+00
8.096900009026395395e+00
2.253141073238071002e+00
2.155159499064206230e+00
2.666627031328418163e+00
1.958890507294279271e+00
1.453823907025689532e+00
1.379707133178852629e+00
6.136517930958749645e+00
5.195979376524188176e+00
1.773951440262030887e+00
8.096900009026395395e+00
6.610073730275682458e+00
3.601676278092701633e+00
1.398629835594442028e+01
1.727674988683409962e+00
1.447661733286987884e+00
2.978511558928810921e+00
9.416914236192898358e+00
3.928432270049376118e+00
4.115858574785381307e+00
4.018052477870398320e+00
4.018052477870398320e+00
2.245355332279880933e+00
1.039908330077200382e+01
3.007550279977043939e+00
8.096900009026395395e+00
1.039908330077200382e+01
9.416914236192898358e+00
6.358606592409067559e+00
8.096900009026395395e+00
2.978511558928810921e+00
3.486234698203102056e+00
2.253141073238071002e+00
2.416218955244159083e+00
6.897911705949119288e+00
4.700931397034700865e+00
6.358606592409067559e+00
2.923820937566300238e+00
1.039908330077200382e+01
1.179232354874052646e+01
2.910802040512921351e+00
1.695057530250765110e+00
4.341567762109392881e+00
2.741254929226880854e+00
1.870338043093809466e+00
3.154863010022843639e+00
1.398629835594442028e+01
5.938555968349024106e+00
3.928432270049376118e+00
1.830842807182371246e+00
3.360430623882499912e+00
8.096900009026395395e+00
4.878394624674863067e+00
9.416914236192898358e+00
2.063518995909134013e+00
4.405553507134619906e+00
1.792753986651567377e+00
1.179232354874052646e+01
1.973997266609169410e+00
1.179232354874052646e+01
2.081239496857343774e+00
1.712833987324295038e+00
9.416914236192898358e+00
1.179232354874052646e+01
3.459565571344153323e+00
8.096900009026395395e+00
7.624787803043177270e+00
2.433131022740910421e+00
9.416914236192898358e+00
1.039908330077200382e+01
1.902905276531347667e+00
1.669584256226073204e+00
1.039908330077200382e+01
3.698878228091092790e+00
1.179232354874052646e+01
5.938555968349024106e+00
8.678034072570810054e+00
1.860651314269406553e+00
5.319245908954468582e+00
2.368673079661606895e+00
4.544599325704925974e+00
3.191930765070057685e+00
6.610073730275682458e+00
2.712181052790382907e+00
1.230342409805104120e+00
3.928432270049376118e+00
2.616229867989665170e+00
5.760690488794116604e+00
4.405553507134619906e+00
1.179232354874052646e+01
3.845928459108548747e+00
6.897911705949119288e+00
5.453294890550574259e+00
5.760690488794116604e+00
1.179232354874052646e+01
1.398629835594442028e+01
1.179232354874052646e+01
3.022527077779549209e+00
1.179232354874052646e+01
4.700931397034700865e+00
3.698878228091092790e+00
5.082138707842611680e+00
1.039908330077200382e+01
2.034958331521893538e+00
3.173174188550006658e+00
1.606559318959960514e+00
5.195979376524188176e+00
3.136980091804868032e+00
1.179232354874052646e+01
5.938555968349024106e+00
3.119509200577058827e+00
9.416914236192898358e+00
1.039908330077200382e+01
1.179232354874052646e+01
1.039908330077200382e+01
1.718503447793408911e+00
4.700931397034700865e+00
3.928432270049376118e+00
9.416914236192898358e+00
4.405553507134619906e+00
1.179232354874052646e+01
1.398629835594442028e+01
5.938555968349024106e+00
1.667578508610195742e+00
4.473116886549839855e+00
4.544599325704925974e+00
2.666627031328418163e+00
3.632971226107808871e+00
2.898028413325541841e+00
9.416914236192898358e+00
1.179232354874052646e+01
8.096900009026395395e+00
1.179232354874052646e+01
1.398629835594442028e+01
1.531929772649498034e+00
2.048964818631229257e+00
2.950626275468136495e+00
8.678034072570810054e+00
6.897911705949119288e+00
9.416914236192898358e+00
6.610073730275682458e+00
1.973997266609169410e+00
5.938555968349024106e+00
6.136517930958749645e+00
4.786736248424851681e+00
2.978511558928810921e+00
8.678034072570810054e+00
9.416914236192898358e+00
5.453294890550574259e+00
3.085742730838076042e+00
2.226472467437354830e+00
6.136517930958749645e+00
2.898028413325541841e+00
1.398629835594442028e+01
3.037823084271166429e+00
1.814065578980001980e+00
1.039908330077200382e+01
1.642358195267476839e+00
1.925506275456442706e+00
1.179232354874052646e+01
8.678034072570810054e+00
5.319245908954468582e+00
9.416914236192898358e+00
1.291787773966078356e+00
1.179232354874052646e+01
1.569812416902616858e+00
1.179232354874052646e+01
7.624787803043177270e+00
3.601676278092701633e+00
2.493900867892873130e+00
1.760166792162991101e+00
8.096900009026395395e+00
3.769656614340512579e+00
2.462627208582242488e+00
2.616229867989665170e+00
2.534035564788753359e+00
2.399857523051045938e+00
6.358606592409067559e+00
6.897911705949119288e+00
2.171073355924248105e+00
1.398629835594442028e+01
6.610073730275682458e+00
1.553848009273288699e+00
1.179232354874052646e+01
3.102434947113386521e+00
8.678034072570810054e+00
1.179700136571125713e+00
4.700931397034700865e+00
3.408561838594738269e+00
5.319245908954468582e+00
3.571407438589082606e+00
3.733622054698024773e+00
1.398629835594442028e+01
3.972290858234542643e+00
2.520321910585981318e+00
1.179232354874052646e+01
1.039908330077200382e+01
3.571407438589082606e+00
1.997968635197691301e+00
5.599771011072511406e+00
8.678034072570810054e+00
3.136980091804868032e+00
8.678034072570810054e+00
1.039908330077200382e+01
6.610073730275682458e+00
1.039908330077200382e+01
7.231669299910323367e+00
2.294236019074040289e+00
4.280858269067012500e+00
2.814887509662116649e+00
4.878394624674863067e+00
3.154863010022843639e+00
1.179232354874052646e+01
1.398629835594442028e+01
9.416914236192898358e+00
1.398629835594442028e+01
6.610073730275682458e+00
7.624787803043177270e+00
2.384017838084120822e+00
2.624331309851516192e+00
2.721719722625026705e+00
5.760690488794116604e+00
4.473116886549839855e+00
8.678034072570810054e+00
4.280858269067012500e+00
4.168228764679975384e+00
1.398629835594442028e+01
4.700931397034700865e+00
3.173174188550006658e+00
8.678034072570810054e+00
3.571407438589082606e+00
1.039908330077200382e+01
7.231669299910323367e+00
4.223157861610916441e+00
5.195979376524188176e+00
5.195979376524188176e+00
7.624787803043177270e+00
4.620389377369722439e+00
9.416914236192898358e+00
1.179232354874052646e+01
1.179232354874052646e+01
2.527135357484368683e+00
9.416914236192898358e+00
1.179232354874052646e+01
3.845928459108548747e+00
2.837587178760800022e+00
1.398629835594442028e+01
3.733622054698024773e+00
4.065856891298627929e+00
3.733622054698024773e+00
2.194426837954386755e+00
1.039908330077200382e+01
4.878394624674863067e+00
8.678034072570810054e+00
1.609630049319805245e+00
3.251059244529220571e+00
5.319245908954468582e+00
1.398629835594442028e+01
4.018052477870398320e+00
4.700931397034700865e+00
4.223157861610916441e+00
2.184258738671068123e+00
6.897911705949119288e+00
4.544599325704925974e+00
5.938555968349024106e+00
1.179232354874052646e+01
1.398629835594442028e+01
1.616436402405001971e+00
3.601676278092701633e+00
5.760690488794116604e+00
3.102434947113386521e+00
1.179232354874052646e+01
5.760690488794116604e+00
3.154863010022843639e+00
2.649339640162833298e+00
1.983786372907046847e+00
2.569904094831461983e+00
2.002127639382444979e+00
1.179232354874052646e+01
2.353798308609992951e+00
4.115858574785381307e+00
9.416914236192898358e+00
1.398629835594442028e+01
3.733622054698024773e+00
1.398629835594442028e+01
6.610073730275682458e+00
3.928432270049376118e+00
1.398629835594442028e+01
1.179232354874052646e+01
2.339370301369074312e+00
2.873187242288851362e+00
3.136980091804868032e+00
1.366535000730782379e+00
1.426871536105329019e+00
2.130919458987305060e+00
3.384154002867322930e+00
5.938555968349024106e+00
1.179232354874052646e+01
3.571407438589082606e+00
4.405553507134619906e+00
6.136517930958749645e+00
1.179232354874052646e+01
1.675704924785059280e+00
1.179232354874052646e+01
3.433687235784068648e+00
1.039908330077200382e+01
3.665350790092954725e+00
8.678034072570810054e+00
1.179232354874052646e+01
6.136517930958749645e+00
5.195979376524188176e+00
5.082138707842611680e+00
2.541024365102452442e+00
3.972290858234542643e+00
6.897911705949119288e+00
1.887683046514199381e+00
1.245512781251467693e+00
2.992881877159055737e+00
1.039908330077200382e+01
2.142858402411555119e+00
1.923838832104473706e+00
2.289954970753452557e+00
5.599771011072511406e+00
1.039908330077200382e+01
3.601676278092701633e+00
1.039908330077200382e+01
1.527421162745468353e+00
1.445304632308114234e+00
1.277352651695226049e+00
2.032674798815480521e+00
6.358606592409067559e+00
5.938555968349024106e+00
2.325367401599962136e+00
5.938555968349024106e+00
8.096900009026395395e+00
1.154172990528401499e+00
3.251059244529220571e+00
2.569904094831461983e+00
4.223157861610916441e+00
1.179232354874052646e+01
8.678034072570810054e+00
1.406273205609247068e+00
6.136517930958749645e+00
1.179232354874052646e+01
4.544599325704925974e+00
1.686986501710597386e+00
8.678034072570810054e+00
5.599771011072511406e+00
1.371928881821321111e+00
2.873187242288851362e+00
1.987780351244256449e+00
8.096900009026395395e+00
1.860651314269406553e+00
1.461402481102234141e+00
5.938555968349024106e+00
1.486197491753651567e+00
1.398629835594442028e+01
1.247725219009548026e+00
3.119509200577058827e+00
2.136844764772016347e+00
1.456083280953355263e+00
6.897911705949119288e+00
1.179232354874052646e+01
1.179232354874052646e+01
9.416914236192898358e+00
5.453294890550574259e+00
3.632971226107808871e+00
8.096900009026395395e+00
5.760690488794116604e+00
4.065856891298627929e+00
5.082138707842611680e+00
1.597602363578513707e+00
1.179232354874052646e+01
7.624787803043177270e+00
3.408561838594738269e+00
1.398629835594442028e+01
3.542110502930233107e+00
1.179232354874052646e+01
6.610073730275682458e+00
6.897911705949119288e+00
2.194426837954386755e+00
1.179232354874052646e+01
8.678034072570810054e+00
1.179232354874052646e+01
2.468734231955952207e+00
3.972290858234542643e+00
4.473116886549839855e+00
5.319245908954468582e+00
6.358606592409067559e+00
5.082138707842611680e+00
4.878394624674863067e+00
5.453294890550574259e+00
9.416914236192898358e+00
9.416914236192898358e+00
4.878394624674863067e+00
1.039908330077200382e+01
1.673647221438749000e+00
7.624787803043177270e+00
1.855250723105172472e+00
6.610073730275682458e+00
3.601676278092701633e+00
7.624787803043177270e+00
1.311786352829416025e+00
1.352796344252322092e+00
1.803771820229231215e+00
8.096900009026395395e+00
3.293066527421812495e+00
1.822333637510243243e+00
1.670930893494030123e+00
1.284252296593663800e+00
2.339370301369074312e+00
2.500384580221138187e+00
5.453294890550574259e+00
3.337360685384656023e+00
1.995907295605942933e+00
1.398629835594442028e+01
1.179232354874052646e+01
3.513735171890392195e+00
2.898028413325541841e+00
1.039908330077200382e+01
4.280858269067012500e+00
2.657919838858120443e+00
3.384154002867322930e+00
9.416914236192898358e+00
2.474913666413131708e+00
1.179232354874052646e+01
1.414032141067925963e+00
3.928432270049376118e+00
3.211150847236301953e+00
1.808301299645871385e+00
3.807062732691569362e+00
1.171548930362052987e+00
7.231669299910323367e+00
1.312332954455803558e+00
8.096900009026395395e+00
2.384017838084120822e+00
2.992881877159055737e+00
2.520321910585981318e+00
2.814887509662116649e+00
1.179232354874052646e+01
5.453294890550574259e+00
6.136517930958749645e+00
4.065856891298627929e+00
4.786736248424851681e+00
2.771764498081669359e+00
6.897911705949119288e+00
2.344131364229995906e+00
9.416914236192898358e+00
1.822333637510243243e+00
1.398629835594442028e+01
2.814887509662116649e+00
9.416914236192898358e+00
1.398629835594442028e+01
5.938555968349024106e+00
1.398629835594442028e+01
2.294236019074040289e+00
2.992881877159055737e+00
4.976593774190632757e+00
2.230184455565479951e+00
2.624331309851516192e+00
5.319245908954468582e+00
4.280858269067012500e+00
8.678034072570810054e+00
3.601676278092701633e+00
9.416914236192898358e+00
3.211150847236301953e+00
4.405553507134619906e+00
3.665350790092954725e+00
2.474913666413131708e+00
8.096900009026395395e+00
5.760690488794116604e+00
1.179232354874052646e+01
3.251059244529220571e+00
4.544599325704925974e+00
6.897911705949119288e+00
4.544599325704925974e+00
9.416914236192898358e+00
9.416914236192898358e+00
9.416914236192898358e+00
5.195979376524188176e+00
5.938555968349024106e+00
3.928432270049376118e+00
5.760690488794116604e+00
7.624787803043177270e+00
7.624787803043177270e+00
9.416914236192898358e+00
1.039908330077200382e+01
9.416914236192898358e+00
1.039908330077200382e+01
4.065856891298627929e+00
1.104462859994679302e+00
1.155123167783196125e+00
3.698878228091092790e+00
6.897911705949119288e+00
9.416914236192898358e+00
5.319245908954468582e+00
1.398629835594442028e+01
3.698878228091092790e+00
6.358606592409067559e+00
2.782273821805790082e+00
7.231669299910323367e+00
6.610073730275682458e+00
3.665350790092954725e+00
2.010594271171424197e+00
4.976593774190632757e+00
9.416914236192898358e+00
3.542110502930233107e+00
1.179232354874052646e+01
6.610073730275682458e+00
5.938555968349024106e+00
1.960742786359270573e+00
1.398629835594442028e+01
1.179232354874052646e+01
1.398629835594442028e+01
8.678034072570810054e+00
5.599771011072511406e+00
9.416914236192898358e+00
5.082138707842611680e+00
2.684434993822597093e+00
2.577365326119689826e+00
1.398629835594442028e+01
4.168228764679975384e+00
3.007550279977043939e+00
6.358606592409067559e+00
6.358606592409067559e+00
3.360430623882499912e+00
3.314915093660648182e+00
2.849241035599817451e+00
7.231669299910323367e+00
3.601676278092701633e+00
4.878394624674863067e+00
3.433687235784068648e+00
5.938555968349024106e+00
4.280858269067012500e+00
8.096900009026395395e+00
2.702789828280608209e+00
5.453294890550574259e+00
1.039908330077200382e+01
3.886349915492472107e+00
1.179232354874052646e+01
3.191930765070057685e+00
1.179232354874052646e+01
6.610073730275682458e+00
4.280858269067012500e+00
3.665350790092954725e+00
2.608241275667662507e+00
2.624331309851516192e+00
2.950626275468136495e+00
2.222791872560072157e+00
4.115858574785381307e+00
1.179232354874052646e+01
2.910802040512921351e+00
5.938555968349024106e+00
5.760690488794116604e+00
2.577365326119689826e+00
5.319245908954468582e+00
3.433687235784068648e+00
1.039908330077200382e+01
8.096900009026395395e+00
3.037823084271166429e+00
1.973997266609169410e+00
9.416914236192898358e+00
1.398629835594442028e+01
9.416914236192898358e+00
2.771764498081669359e+00
2.702789828280608209e+00
1.398629835594442028e+01
5.082138707842611680e+00
1.973997266609169410e+00
1.179232354874052646e+01
8.678034072570810054e+00
6.610073730275682458e+00
1.848632456046380934e+00
1.838337200886246414e+00
1.597115626557475743e+00
3.384154002867322930e+00
9.416914236192898358e+00
2.294236019074040289e+00
4.168228764679975384e+00
2.025908482840985236e+00
9.416914236192898358e+00
1.179232354874052646e+01
4.018052477870398320e+00
4.405553507134619906e+00
2.712181052790382907e+00
5.319245908954468582e+00
2.992881877159055737e+00
5.938555968349024106e+00
6.358606592409067559e+00
1.179232354874052646e+01
6.358606592409067559e+00
4.620389377369722439e+00
3.053449648393774751e+00
6.610073730275682458e+00
5.195979376524188176e+00
4.115858574785381307e+00
8.678034072570810054e+00
2.666627031328418163e+00
1.179232354874052646e+01
2.562541477821151492e+00
4.976593774190632757e+00
5.599771011072511406e+00
1.039908330077200382e+01
3.972290858234542643e+00
2.197871251686610794e+00
2.640883416478467360e+00
4.976593774190632757e+00
1.398629835594442028e+01
9.416914236192898358e+00
1.398629835594442028e+01
4.115858574785381307e+00
3.733622054698024773e+00
5.195979376524188176e+00
4.018052477870398320e+00
4.700931397034700865e+00
3.102434947113386521e+00
9.416914236192898358e+00
5.760690488794116604e+00
1.039908330077200382e+01
9.416914236192898358e+00
2.410705434109829071e+00
2.450624889800860018e+00
5.319245908954468582e+00
3.972290858234542643e+00
1.964477792996857763e+00
2.273221519718087613e+00
6.610073730275682458e+00
4.473116886549839855e+00
2.257085722832981478e+00
2.814887509662116649e+00
2.493900867892873130e+00
4.405553507134619906e+00
4.544599325704925974e+00
3.314915093660648182e+00
7.231669299910323367e+00
1.635301499288751792e+00
3.384154002867322930e+00
1.398629835594442028e+01
1.864765403901493812e+00
5.319245908954468582e+00
2.861105609394871685e+00
1.526737048050936796e+00
1.283415411918713112e+00
3.191930765070057685e+00
1.064036293555795432e+00
3.928432270049376118e+00
4.341567762109392881e+00
2.071012635387034617e+00
6.358606592409067559e+00
3.314915093660648182e+00
6.358606592409067559e+00
4.168228764679975384e+00
7.624787803043177270e+00
2.194426837954386755e+00
8.678034072570810054e+00
4.544599325704925974e+00
2.241513252978981630e+00
3.119509200577058827e+00
1.220572282141334064e+00
3.271789301742745071e+00
2.861105609394871685e+00
3.632971226107808871e+00
3.733622054698024773e+00
5.453294890550574259e+00
1.398629835594442028e+01
3.408561838594738269e+00
1.179232354874052646e+01
8.096900009026395395e+00
7.231669299910323367e+00
8.678034072570810054e+00
5.938555968349024106e+00
4.341567762109392881e+00
2.294236019074040289e+00
9.416914236192898358e+00
3.665350790092954725e+00
2.640883416478467360e+00
4.620389377369722439e+00
8.096900009026395395e+00
1.039908330077200382e+01
1.899802017470482163e+00
8.096900009026395395e+00
5.599771011072511406e+00
3.665350790092954725e+00
4.341567762109392881e+00
3.314915093660648182e+00
7.624787803043177270e+00
7.624787803043177270e+00
8.096900009026395395e+00
2.208374860764457104e+00
4.544599325704925974e+00
1.487016779724372295e+00
4.786736248424851681e+00
4.168228764679975384e+00
1.446157706917358565e+00
2.837587178760800022e+00
7.624787803043177270e+00
2.624331309851516192e+00
3.191930765070057685e+00
6.897911705949119288e+00
2.873187242288851362e+00
6.136517930958749645e+00
2.325367401599962136e+00
7.231669299910323367e+00
2.751259591213044420e+00
1.375563739916317418e+00
2.136844764772016347e+00
1.987780351244256449e+00
1.065035113332688077e+00
2.139840407142331369e+00
5.082138707842611680e+00
8.678034072570810054e+00
3.513735171890392195e+00
3.360430623882499912e+00
2.073543766897996576e+00
1.689161452365300908e+00
1.398629835594442028e+01
1.039908330077200382e+01
5.195979376524188176e+00
3.230853584175824800e+00
3.433687235784068648e+00
3.972290858234542643e+00
3.085742730838076042e+00
9.416914236192898358e+00
6.136517930958749645e+00
4.223157861610916441e+00
4.473116886549839855e+00
9.416914236192898358e+00
3.119509200577058827e+00
4.976593774190632757e+00
1.958890507294279271e+00
2.500384580221138187e+00
7.231669299910323367e+00
3.972290858234542643e+00
3.601676278092701633e+00
1.726827555835738659e+00
8.678034072570810054e+00
2.616229867989665170e+00
4.341567762109392881e+00
1.039908330077200382e+01
7.231669299910323367e+00
5.938555968349024106e+00
7.624787803043177270e+00
3.807062732691569362e+00
2.142858402411555119e+00
6.136517930958749645e+00
1.561465949659243346e+00
3.136980091804868032e+00
4.976593774190632757e+00
1.543880698020047681e+00
1.915626806140034777e+00
4.976593774190632757e+00
8.678034072570810054e+00
4.341567762109392881e+00
1.722631725629358845e+00
4.405553507134619906e+00
3.360430623882499912e+00
4.620389377369722439e+00
3.251059244529220571e+00
4.473116886549839855e+00
1.398629835594442028e+01
9.416914236192898358e+00
6.897911705949119288e+00
3.698878228091092790e+00
1.697305478947205515e+00
3.769656614340512579e+00
5.599771011072511406e+00
1.179232354874052646e+01
1.398629835594442028e+01
1.179232354874052646e+01
9.416914236192898358e+00
5.599771011072511406e+00
8.678034072570810054e+00
9.416914236192898358e+00
6.897911705949119288e+00
3.119509200577058827e+00
1.179232354874052646e+01
2.450624889800860018e+00
7.624787803043177270e+00
1.688434314328901786e+00
2.826137951791407588e+00
3.769656614340512579e+00
2.885492545342460691e+00
4.786736248424851681e+00
8.678034072570810054e+00
6.897911705949119288e+00
1.179232354874052646e+01
1.179232354874052646e+01
1.039908330077200382e+01
8.678034072570810054e+00
8.678034072570810054e+00
1.398629835594442028e+01
1.895202990751673866e+00
3.972290858234542643e+00
1.219406208289260718e+00
4.065856891298627929e+00
2.211934144629770671e+00
2.133871204226707174e+00
3.007550279977043939e+00
2.161451564789572011e+00
1.039908330077200382e+01
7.231669299910323367e+00
4.878394624674863067e+00
1.120798434054590897e+00
1.326230007883344886e+00
2.194426837954386755e+00
1.947984362959267468e+00
2.233928279899840330e+00
1.398629835594442028e+01
5.599771011072511406e+00
6.358606592409067559e+00
7.624787803043177270e+00
1.822333637510243243e+00
2.898028413325541841e+00
4.018052477870398320e+00
2.569904094831461983e+00
5.082138707842611680e+00
5.599771011072511406e+00
6.358606592409067559e+00
3.845928459108548747e+00
5.453294890550574259e+00
6.358606592409067559e+00
4.976593774190632757e+00
3.601676278092701633e+00
4.405553507134619906e+00
2.122192516203067036e+00
1.324212313860735568e+00
1.179232354874052646e+01
8.678034072570810054e+00
5.195979376524188176e+00
1.656524024753389002e+00
1.398629835594442028e+01
1.039908330077200382e+01
1.398629835594442028e+01
2.937092949591392887e+00
5.938555968349024106e+00
4.280858269067012500e+00
9.416914236192898358e+00
4.878394624674863067e+00
2.249231109365875447e+00
1.475632231494289570e+00
7.624787803043177270e+00
7.231669299910323367e+00
4.405553507134619906e+00
3.251059244529220571e+00
8.096900009026395395e+00
8.096900009026395395e+00
1.829612011311977149e+00
4.018052477870398320e+00
6.136517930958749645e+00
2.438896058458208671e+00
3.886349915492472107e+00
4.223157861610916441e+00
6.897911705949119288e+00
1.179232354874052646e+01
3.337360685384656023e+00
3.845928459108548747e+00
2.311769387157330158e+00
1.039908330077200382e+01
1.839604877463098420e+00
6.610073730275682458e+00
6.897911705949119288e+00
1.776997957041393628e+00
3.632971226107808871e+00
3.191930765070057685e+00
9.416914236192898358e+00
7.231669299910323367e+00
9.416914236192898358e+00
1.947984362959267468e+00
8.096900009026395395e+00
1.398629835594442028e+01
1.398629835594442028e+01
1.039908330077200382e+01
2.487495501406502996e+00
6.358606592409067559e+00
2.302919592689344874e+00
2.712181052790382907e+00
3.972290858234542643e+00
1.725982898375475028e+00
2.712181052790382907e+00
1.880338448930363171e+00
2.108060293842117350e+00
1.398629835594442028e+01
3.230853584175824800e+00
1.398629835594442028e+01
1.398629835594442028e+01
2.731409685221252381e+00
5.599771011072511406e+00
8.678034072570810054e+00
4.700931397034700865e+00
7.624787803043177270e+00
5.453294890550574259e+00
7.624787803043177270e+00
8.678034072570810054e+00
7.231669299910323367e+00
2.898028413325541841e+00
1.692091797265172115e+00
7.624787803043177270e+00
5.195979376524188176e+00
4.115858574785381307e+00
3.360430623882499912e+00
4.115858574785381307e+00
5.938555968349024106e+00
3.769656614340512579e+00
2.289954970753452557e+00
1.179232354874052646e+01
1.299566253491343470e+00
1.368516160404340543e+00
8.096900009026395395e+00
1.039908330077200382e+01
7.231669299910323367e+00
5.453294890550574259e+00
1.179232354874052646e+01
2.541024365102452442e+00
4.115858574785381307e+00
7.231669299910323367e+00
2.269132929873628690e+00
7.624787803043177270e+00
2.792960737629894830e+00
2.826137951791407588e+00
1.039908330077200382e+01
5.938555968349024106e+00
1.398629835594442028e+01
6.897911705949119288e+00
7.624787803043177270e+00
9.416914236192898358e+00
1.179232354874052646e+01
9.416914236192898358e+00
2.450624889800860018e+00
9.416914236192898358e+00
5.938555968349024106e+00
1.915626806140034777e+00
3.972290858234542643e+00
1.039908330077200382e+01
2.215523133194084338e+00
8.096900009026395395e+00
3.384154002867322930e+00
6.358606592409067559e+00
2.731409685221252381e+00
7.231669299910323367e+00
3.314915093660648182e+00
6.136517930958749645e+00
4.168228764679975384e+00
5.082138707842611680e+00
6.358606592409067559e+00
7.231669299910323367e+00
7.624787803043177270e+00
4.473116886549839855e+00
9.416914236192898358e+00
1.977879854969469831e+00
6.610073730275682458e+00
3.337360685384656023e+00
7.624787803043177270e+00
1.179232354874052646e+01
7.231669299910323367e+00
4.223157861610916441e+00
1.398629835594442028e+01
4.168228764679975384e+00
1.179232354874052646e+01
4.280858269067012500e+00
2.964429488561219017e+00
2.450624889800860018e+00
3.845928459108548747e+00
4.620389377369722439e+00
3.069418688761713643e+00
6.897911705949119288e+00
1.398629835594442028e+01
1.061227894225522439e+00
1.760166792162991101e+00
2.657919838858120443e+00
1.881793663900440006e+00
1.987780351244256449e+00
1.398629835594442028e+01
8.678034072570810054e+00
5.319245908954468582e+00
2.307323386490875983e+00
8.678034072570810054e+00
3.230853584175824800e+00
2.741254929226880854e+00
2.849241035599817451e+00
5.082138707842611680e+00
4.786736248424851681e+00
1.727674988683409962e+00
1.179232354874052646e+01
8.096900009026395395e+00
7.231669299910323367e+00
2.102546282815882961e+00
1.179232354874052646e+01
8.678034072570810054e+00
3.886349915492472107e+00
3.173174188550006658e+00
2.527135357484368683e+00
1.039908330077200382e+01
1.398629835594442028e+01
3.665350790092954725e+00
3.845928459108548747e+00
3.360430623882499912e+00
6.897911705949119288e+00
1.537630764933731520e+00
6.897911705949119288e+00
1.398629835594442028e+01
1.398629835594442028e+01
6.358606592409067559e+00
3.337360685384656023e+00
8.096900009026395395e+00
3.769656614340512579e+00
6.358606592409067559e+00
1.039908330077200382e+01
6.136517930958749645e+00
4.976593774190632757e+00
4.115858574785381307e+00
6.610073730275682458e+00
1.039908330077200382e+01
6.358606592409067559e+00
1.906038887822977035e+00
6.897911705949119288e+00
2.814887509662116649e+00
1.179232354874052646e+01
8.678034072570810054e+00
5.599771011072511406e+00
2.826137951791407588e+00
8.678034072570810054e+00
5.760690488794116604e+00
3.571407438589082606e+00
7.231669299910323367e+00
1.039908330077200382e+01
1.179232354874052646e+01
3.928432270049376118e+00
1.398629835594442028e+01
2.174330866618579439e+00
3.251059244529220571e+00
1.465448317649544752e+00
2.771764498081669359e+00
1.179232354874052646e+01
4.976593774190632757e+00
1.039908330077200382e+01
1.179232354874052646e+01
6.358606592409067559e+00
5.760690488794116604e+00
3.069418688761713643e+00
1.801533748285755632e+00
2.068498250266853411e+00
6.610073730275682458e+00
1.179232354874052646e+01
2.089092751786702173e+00
1.067685937106472416e+00
1.804897479832292317e+00
6.358606592409067559e+00
6.610073730275682458e+00
2.325367401599962136e+00
7.624787803043177270e+00
4.473116886549839855e+00
2.632548248018265813e+00
1.657160051489397823e+00
1.853915436416645690e+00
5.082138707842611680e+00
4.473116886549839855e+00
5.938555968349024106e+00
5.319245908954468582e+00
4.976593774190632757e+00
9.416914236192898358e+00
5.599771011072511406e+00
8.096900009026395395e+00
2.771764498081669359e+00
5.082138707842611680e+00
8.678034072570810054e+00
3.022527077779549209e+00
1.039908330077200382e+01
1.915626806140034777e+00
6.897911705949119288e+00
1.532633087688064943e+00
1.949777782024877837e+00
3.928432270049376118e+00
5.319245908954468582e+00
3.069418688761713643e+00
1.912399144240180204e+00
1.039908330077200382e+01
9.416914236192898358e+00
5.319245908954468582e+00
9.416914236192898358e+00
9.416914236192898358e+00
4.223157861610916441e+00
1.398629835594442028e+01
1.939158292294280717e+00
1.179232354874052646e+01
1.736305328248197055e+00
1.039908330077200382e+01
1.179232354874052646e+01
2.136844764772016347e+00
4.878394624674863067e+00
2.950626275468136495e+00
1.179232354874052646e+01
1.045911534454616154e+00
2.320790702532501193e+00
8.096900009026395395e+00
4.976593774190632757e+00
2.814887509662116649e+00
4.280858269067012500e+00
6.358606592409067559e+00
1.039908330077200382e+01
1.570238966785945323e+00
1.179232354874052646e+01
3.769656614340512579e+00
6.610073730275682458e+00
2.616229867989665170e+00
2.044236829223658347e+00
3.571407438589082606e+00
1.179232354874052646e+01
7.624787803043177270e+00
5.760690488794116604e+00
2.102546282815882961e+00
2.481166935347186797e+00
4.878394624674863067e+00
2.249231109365875447e+00
1.727674988683409962e+00
1.179232354874052646e+01
2.273221519718087613e+00
3.571407438589082606e+00
2.500384580221138187e+00
3.807062732691569362e+00
4.473116886549839855e+00
1.398629835594442028e+01
7.624787803043177270e+00
3.053449648393774751e+00
5.453294890550574259e+00
1.561465949659243346e+00
1.424995170723354576e+00
2.649339640162833298e+00
3.360430623882499912e+00
1.398629835594442028e+01
6.358606592409067559e+00
3.293066527421812495e+00
1.398629835594442028e+01
1.892173532328664143e+00
6.897911705949119288e+00
2.950626275468136495e+00
3.069418688761713643e+00
1.039908330077200382e+01
6.136517930958749645e+00
1.179232354874052646e+01
8.678034072570810054e+00
3.293066527421812495e+00
5.760690488794116604e+00
2.992881877159055737e+00
3.928432270049376118e+00
1.179232354874052646e+01
2.130919458987305060e+00
4.620389377369722439e+00
1.039908330077200382e+01
4.700931397034700865e+00
5.082138707842611680e+00
3.433687235784068648e+00
6.897911705949119288e+00
2.378849195377106263e+00
4.976593774190632757e+00
8.096900009026395395e+00
6.610073730275682458e+00
9.416914236192898358e+00
7.624787803043177270e+00
5.082138707842611680e+00
3.769656614340512579e+00
9.416914236192898358e+00
8.096900009026395395e+00
3.513735171890392195e+00
2.771764498081669359e+00
6.897911705949119288e+00
2.751259591213044420e+00
1.398629835594442028e+01
1.398629835594442028e+01
5.938555968349024106e+00
5.319245908954468582e+00
9.416914236192898358e+00
2.782273821805790082e+00
4.473116886549839855e+00
5.599771011072511406e+00
1.039908330077200382e+01
4.223157861610916441e+00
1.979837573903036496e+00
1.716870652467030522e+00
3.191930765070057685e+00
2.751259591213044420e+00
2.608241275667662507e+00
6.358606592409067559e+00
9.416914236192898358e+00
3.314915093660648182e+00
1.366904181599150281e+00
2.302919592689344874e+00
5.319245908954468582e+00
2.684434993822597093e+00
2.462627208582242488e+00
2.008458732504395883e+00
7.231669299910323367e+00
6.897911705949119288e+00
1.937420717991639396e+00
1.291143585602215316e+00
3.769656614340512579e+00
4.878394624674863067e+00
5.082138707842611680e+00
3.807062732691569362e+00
3.173174188550006658e+00
5.938555968349024106e+00
3.007550279977043939e+00
2.731409685221252381e+00
4.473116886549839855e+00
6.610073730275682458e+00
6.136517930958749645e+00
3.807062732691569362e+00
5.453294890550574259e+00
8.678034072570810054e+00
1.398629835594442028e+01
4.168228764679975384e+00
5.760690488794116604e+00
2.257085722832981478e+00
2.731409685221252381e+00
2.649339640162833298e+00
1.981806378664382695e+00
3.769656614340512579e+00
5.938555968349024106e+00
1.179232354874052646e+01
9.416914236192898358e+00
1.953393488770133635e+00
5.319245908954468582e+00
4.223157861610916441e+00
2.849241035599817451e+00
3.769656614340512579e+00
1.562695968805292601e+00
1.657797817767042936e+00
1.588074900346620133e+00
2.803830237199933517e+00
3.769656614340512579e+00
2.358705811963931254e+00
1.940904973852332294e+00
6.136517930958749645e+00
1.104512930432407947e+00
2.500384580221138187e+00
8.678034072570810054e+00
5.938555968349024106e+00
6.358606592409067559e+00
7.231669299910323367e+00
1.840877971091763765e+00
3.037823084271166429e+00
2.211934144629770671e+00
6.358606592409067559e+00
2.197871251686610794e+00
1.737184308206658701e+00
5.453294890550574259e+00
3.251059244529220571e+00
3.251059244529220571e+00
4.065856891298627929e+00
1.179232354874052646e+01
2.826137951791407588e+00
2.148962559320569898e+00
2.325367401599962136e+00
4.341567762109392881e+00
9.416914236192898358e+00
5.453294890550574259e+00
5.599771011072511406e+00
3.384154002867322930e+00
5.319245908954468582e+00
1.964477792996857763e+00
2.094418413124658152e+00
2.751259591213044420e+00
5.082138707842611680e+00
3.845928459108548747e+00
9.416914236192898358e+00
5.195979376524188176e+00
7.624787803043177270e+00
5.599771011072511406e+00
1.398629835594442028e+01
4.223157861610916441e+00
9.416914236192898358e+00
3.928432270049376118e+00
2.520321910585981318e+00
1.665589601607677217e+00
1.718503447793408911e+00
3.807062732691569362e+00
1.393704235288666382e+00
1.157243566308216787e+00
1.864765403901493812e+00
2.712181052790382907e+00
7.624787803043177270e+00
1.039908330077200382e+01
2.046593299907525143e+00
3.360430623882499912e+00
2.177614043364521912e+00
6.897911705949119288e+00
3.360430623882499912e+00
2.950626275468136495e+00
3.459565571344153323e+00
1.727674988683409962e+00
3.211150847236301953e+00
6.358606592409067559e+00
5.938555968349024106e+00
3.384154002867322930e+00
5.599771011072511406e+00
8.678034072570810054e+00
3.542110502930233107e+00
6.358606592409067559e+00
3.769656614340512579e+00
6.610073730275682458e+00
3.845928459108548747e+00
2.657919838858120443e+00
6.136517930958749645e+00
4.405553507134619906e+00
3.293066527421812495e+00
3.886349915492472107e+00
3.271789301742745071e+00
6.610073730275682458e+00
1.695057530250765110e+00
3.102434947113386521e+00
3.601676278092701633e+00
2.548103645368455794e+00
5.453294890550574259e+00
1.516120647001464317e+00
7.624787803043177270e+00
3.230853584175824800e+00
3.542110502930233107e+00
1.804897479832292317e+00
5.938555968349024106e+00
5.319245908954468582e+00
3.571407438589082606e+00
2.158293491526126928e+00
2.302919592689344874e+00
1.539083109407107131e+00
9.416914236192898358e+00
6.897911705949119288e+00
7.231669299910323367e+00
1.898261619404849165e+00
1.898261619404849165e+00
2.803830237199933517e+00
5.760690488794116604e+00
3.022527077779549209e+00
8.678034072570810054e+00
3.807062732691569362e+00
2.358705811963931254e+00
1.981806378664382695e+00
1.398629835594442028e+01
8.678034072570810054e+00
5.319245908954468582e+00
6.136517930958749645e+00
2.675464339656973944e+00
1.179232354874052646e+01
2.139840407142331369e+00
3.972290858234542643e+00
4.065856891298627929e+00
3.069418688761713643e+00
5.760690488794116604e+00
5.938555968349024106e+00
5.760690488794116604e+00
5.938555968349024106e+00
1.039908330077200382e+01
3.632971226107808871e+00
4.473116886549839855e+00
1.353793386589905889e+00
2.174330866618579439e+00
3.886349915492472107e+00
4.878394624674863067e+00
4.786736248424851681e+00
8.096900009026395395e+00
6.897911705949119288e+00
6.136517930958749645e+00
1.179232354874052646e+01
5.760690488794116604e+00
9.416914236192898358e+00
1.039908330077200382e+01
1.039908330077200382e+01
1.895202990751673866e+00
4.976593774190632757e+00
6.136517930958749645e+00
1.860651314269406553e+00
4.341567762109392881e+00
2.339370301369074312e+00
6.897911705949119288e+00
4.976593774190632757e+00
4.223157861610916441e+00
2.721719722625026705e+00
8.096900009026395395e+00
6.358606592409067559e+00
2.389241457164998916e+00
3.769656614340512579e+00
1.153270612101040538e+00
2.675464339656973944e+00
1.179232354874052646e+01
7.231669299910323367e+00
4.341567762109392881e+00
2.950626275468136495e+00
5.082138707842611680e+00
2.219142236511675303e+00
5.760690488794116604e+00
3.191930765070057685e+00
2.534035564788753359e+00
4.878394624674863067e+00
1.808301299645871385e+00
1.039908330077200382e+01
3.601676278092701633e+00
6.897911705949119288e+00
3.211150847236301953e+00
3.102434947113386521e+00
1.398629835594442028e+01
5.453294890550574259e+00
7.231669299910323367e+00
1.179232354874052646e+01
4.065856891298627929e+00
1.039908330077200382e+01
2.180923220552969610e+00
2.161451564789572011e+00
4.280858269067012500e+00
5.319245908954468582e+00
8.096900009026395395e+00
3.384154002867322930e+00
1.448962332936926556e+00
4.544599325704925974e+00
5.195979376524188176e+00
2.861105609394871685e+00
2.105293598154510004e+00
2.325367401599962136e+00
9.416914236192898358e+00
6.610073730275682458e+00
1.398629835594442028e+01
4.405553507134619906e+00
1.494569745127002136e+00
6.897911705949119288e+00
1.179232354874052646e+01
2.741254929226880854e+00
1.398629835594442028e+01
6.610073730275682458e+00
3.053449648393774751e+00
3.433687235784068648e+00
6.610073730275682458e+00
2.481166935347186797e+00
2.427430610782826292e+00
4.280858269067012500e+00
4.700931397034700865e+00
1.179232354874052646e+01
8.096900009026395395e+00
4.280858269067012500e+00
1.757301997698367479e+00
5.599771011072511406e+00
1.639981485287918872e+00
1.712034316144064761e+00
1.863387889733868041e+00
3.665350790092954725e+00
1.957048257173170214e+00
3.698878228091092790e+00
3.459565571344153323e+00
2.427430610782826292e+00
4.700931397034700865e+00
2.592592467664705858e+00
5.082138707842611680e+00
3.459565571344153323e+00
9.416914236192898358e+00
8.678034072570810054e+00
2.910802040512921351e+00
1.320028493963877780e+00
1.769941308432502414e+00
1.231310512486974762e+00
3.173174188550006658e+00
1.398629835594442028e+01
2.249231109365875447e+00
2.837587178760800022e+00
5.082138707842611680e+00
1.463056372990635179e+00
1.039908330077200382e+01
5.453294890550574259e+00
2.032674798815480521e+00
2.030405408476923856e+00
1.179232354874052646e+01
3.972290858234542643e+00
1.367645697812257977e+00
5.453294890550574259e+00
4.341567762109392881e+00
1.432252139385942424e+00
1.904468257687311983e+00
5.319245908954468582e+00
3.293066527421812495e+00
7.624787803043177270e+00
7.624787803043177270e+00
3.513735171890392195e+00
1.179232354874052646e+01
5.760690488794116604e+00
8.678034072570810054e+00
1.697305478947205515e+00
1.759208470316799167e+00
1.039908330077200382e+01
4.544599325704925974e+00
2.215523133194084338e+00
6.897911705949119288e+00
4.786736248424851681e+00
3.513735171890392195e+00
8.678034072570810054e+00
6.358606592409067559e+00
3.928432270049376118e+00
6.358606592409067559e+00
4.878394624674863067e+00
2.632548248018265813e+00
1.179232354874052646e+01
1.377019347579611752e+00
5.453294890550574259e+00
2.384017838084120822e+00
7.624787803043177270e+00
1.787402424534638046e+00
1.179232354874052646e+01
1.377552614188393365e+00
2.019265639014609981e+00
1.179232354874052646e+01
2.849241035599817451e+00
3.769656614340512579e+00
2.761427962779658074e+00
6.136517930958749645e+00
3.886349915492472107e+00
1.398629835594442028e+01
3.845928459108548747e+00
3.928432270049376118e+00
2.405251979736009904e+00
1.039908330077200382e+01
6.610073730275682458e+00
1.398629835594442028e+01
4.620389377369722439e+00
1.398629835594442028e+01
4.786736248424851681e+00
5.319245908954468582e+00
5.599771011072511406e+00
3.230853584175824800e+00
1.179232354874052646e+01
9.416914236192898358e+00
7.231669299910323367e+00
6.897911705949119288e+00
1.039908330077200382e+01
4.280858269067012500e+00
2.624331309851516192e+00
2.964429488561219017e+00
5.453294890550574259e+00
3.271789301742745071e+00
2.474913666413131708e+00
2.649339640162833298e+00
4.280858269067012500e+00
1.766971854106892836e+00
6.897911705949119288e+00
7.231669299910323367e+00
7.624787803043177270e+00
2.438896058458208671e+00
2.885492545342460691e+00
4.473116886549839855e+00
8.096900009026395395e+00
7.624787803043177270e+00
1.039908330077200382e+01
1.179232354874052646e+01
7.231669299910323367e+00
4.223157861610916441e+00
4.168228764679975384e+00
1.655889729766942153e+00
4.786736248424851681e+00
2.527135357484368683e+00
2.148962559320569898e+00
4.786736248424851681e+00
5.760690488794116604e+00
6.358606592409067559e+00
1.179232354874052646e+01
1.839604877463098420e+00
1.179232354874052646e+01
7.624787803043177270e+00
5.599771011072511406e+00
4.341567762109392881e+00
1.179232354874052646e+01
4.878394624674863067e+00
2.923820937566300238e+00
2.555275348951976166e+00
5.599771011072511406e+00
1.179232354874052646e+01
9.416914236192898358e+00
1.946200454808623581e+00
3.271789301742745071e+00
1.398629835594442028e+01
3.886349915492472107e+00
3.459565571344153323e+00
1.398629835594442028e+01
4.168228764679975384e+00
7.231669299910323367e+00
1.398629835594442028e+01
2.353798308609992951e+00
1.039908330077200382e+01
2.992881877159055737e+00
6.610073730275682458e+00
1.179232354874052646e+01
1.398629835594442028e+01
2.438896058458208671e+00
4.018052477870398320e+00
5.195979376524188176e+00
3.293066527421812495e+00
1.039908330077200382e+01
1.809444951033591487e+00
3.845928459108548747e+00
3.807062732691569362e+00
1.039908330077200382e+01
1.455402143455265529e+00
3.972290858234542643e+00
6.358606592409067559e+00
2.616229867989665170e+00
4.620389377369722439e+00
6.897911705949119288e+00
7.624787803043177270e+00
1.398629835594442028e+01
8.678034072570810054e+00
3.886349915492472107e+00
1.179232354874052646e+01
1.179232354874052646e+01
7.231669299910323367e+00
1.855250723105172472e+00
2.046593299907525143e+00
1.930559949915447104e+00
2.051351544139579097e+00
2.307323386490875983e+00
3.571407438589082606e+00
6.610073730275682458e+00
1.179232354874052646e+01
3.211150847236301953e+00
3.211150847236301953e+00
3.136980091804868032e+00
1.039908330077200382e+01
1.949777782024877837e+00
8.096900009026395395e+00
4.700931397034700865e+00
2.684434993822597093e+00
2.885492545342460691e+00
2.569904094831461983e+00
7.624787803043177270e+00
6.610073730275682458e+00
4.168228764679975384e+00
3.769656614340512579e+00
1.179232354874052646e+01
1.937420717991639396e+00
8.096900009026395395e+00
9.416914236192898358e+00
4.115858574785381307e+00
7.231669299910323367e+00
9.416914236192898358e+00
1.930559949915447104e+00
2.761427962779658074e+00
2.910802040512921351e+00
2.257085722832981478e+00
3.251059244529220571e+00
2.034958331521893538e+00
2.792960737629894830e+00
2.600362969809127289e+00
4.115858574785381307e+00
2.021466430468567665e+00
2.600362969809127289e+00
9.416914236192898358e+00
6.897911705949119288e+00
2.389241457164998916e+00
2.171073355924248105e+00
1.960742786359270573e+00
2.675464339656973944e+00
3.665350790092954725e+00
3.632971226107808871e+00
4.786736248424851681e+00
1.645364351325374397e+00
5.938555968349024106e+00
6.610073730275682458e+00
2.281511280254920671e+00
4.878394624674863067e+00
1.074025775797954330e+00
2.184258738671068123e+00
4.341567762109392881e+00
2.624331309851516192e+00
1.464248003959435218e+00
3.845928459108548747e+00
3.211150847236301953e+00
1.326141545270103972e+00
1.588074900346620133e+00
1.259975573322886122e+00
9.416914236192898358e+00
1.321717712884106000e+00
1.426682848432849759e+00
3.632971226107808871e+00
1.179232354874052646e+01
1.199973226313978181e+00
3.154863010022843639e+00
1.398629835594442028e+01
2.527135357484368683e+00
3.191930765070057685e+00
7.624787803043177270e+00
3.733622054698024773e+00
3.384154002867322930e+00
1.398629835594442028e+01
4.976593774190632757e+00
3.632971226107808871e+00
7.624787803043177270e+00
4.786736248424851681e+00
4.168228764679975384e+00
7.624787803043177270e+00
5.319245908954468582e+00
3.542110502930233107e+00
1.794923486933961421e+00
2.030405408476923856e+00
1.834566297127643297e+00
1.179232354874052646e+01
4.115858574785381307e+00
2.584927363613700457e+00
4.018052477870398320e+00
2.885492545342460691e+00
1.155046980777496568e+00
1.423141864877029095e+00
1.727674988683409962e+00
7.624787803043177270e+00
2.950626275468136495e+00
1.422406895160583495e+00
1.910797293384539852e+00
2.702789828280608209e+00
1.368142394458454092e+00
3.733622054698024773e+00
3.337360685384656023e+00
3.102434947113386521e+00
2.950626275468136495e+00
2.584927363613700457e+00
1.719323785112858660e+00
5.195979376524188176e+00
1.131347825855534284e+00
4.065856891298627929e+00
7.231669299910323367e+00
1.209005422227478421e+00
1.071952348838812297e+00
1.843440562631710078e+00
1.287299011898239920e+00
1.179232354874052646e+01
4.223157861610916441e+00
1.404802569992317895e+00
3.632971226107808871e+00
6.358606592409067559e+00
2.992881877159055737e+00
9.416914236192898358e+00
6.897911705949119288e+00
3.337360685384656023e+00
2.548103645368455794e+00
1.589008420374543373e+00
1.655257158786489935e+00
2.023680666525167648e+00
1.179232354874052646e+01
2.910802040512921351e+00
1.161863901750979311e+00
4.976593774190632757e+00
3.271789301742745071e+00
8.678034072570810054e+00
1.179232354874052646e+01
1.163647020885083982e+00
1.393553995164145576e+00
9.416914236192898358e+00
1.519701665606762342e+00
3.571407438589082606e+00
1.502462410711061347e+00
1.844730138050878709e+00
3.665350790092954725e+00
2.119325454728119507e+00
6.610073730275682458e+00
9.416914236192898358e+00
6.136517930958749645e+00
6.136517930958749645e+00
1.039908330077200382e+01
1.398629835594442028e+01
2.039568408441795544e+00
4.115858574785381307e+00
2.923820937566300238e+00
2.721719722625026705e+00
4.878394624674863067e+00
1.179232354874052646e+01
7.624787803043177270e+00
6.136517930958749645e+00
4.115858574785381307e+00
5.319245908954468582e+00
2.964429488561219017e+00
1.593739470117452095e+00
1.039908330077200382e+01
6.358606592409067559e+00
1.398629835594442028e+01
5.082138707842611680e+00
8.678034072570810054e+00
7.231669299910323367e+00
2.030405408476923856e+00
5.319245908954468582e+00
2.761427962779658074e+00
5.453294890550574259e+00
1.398629835594442028e+01
4.115858574785381307e+00
4.405553507134619906e+00
3.337360685384656023e+00
3.698878228091092790e+00
9.416914236192898358e+00
5.938555968349024106e+00
1.469842973989804680e+00
3.542110502930233107e+00
5.453294890550574259e+00
9.416914236192898358e+00
